--
-- PostgreSQL database dump
--

-- Dumped from database version 12.12
-- Dumped by pg_dump version 12.12

SET statement_timeout = 0;
SET lock_timeout = 0;
SET idle_in_transaction_session_timeout = 0;
SET client_encoding = 'UTF8';
SET standard_conforming_strings = on;
SELECT pg_catalog.set_config('search_path', '', false);
SET check_function_bodies = false;
SET xmloption = content;
SET client_min_messages = warning;
SET row_security = off;

SET default_tablespace = '';

SET default_table_access_method = heap;

--
-- Name: auth_group; Type: TABLE; Schema: public; Owner: wagtail
--

CREATE TABLE public.auth_group (
    id integer NOT NULL,
    name character varying(150) NOT NULL
);


ALTER TABLE public.auth_group OWNER TO wagtail;

--
-- Name: auth_group_id_seq; Type: SEQUENCE; Schema: public; Owner: wagtail
--

ALTER TABLE public.auth_group ALTER COLUMN id ADD GENERATED BY DEFAULT AS IDENTITY (
    SEQUENCE NAME public.auth_group_id_seq
    START WITH 1
    INCREMENT BY 1
    NO MINVALUE
    NO MAXVALUE
    CACHE 1
);


--
-- Name: auth_group_permissions; Type: TABLE; Schema: public; Owner: wagtail
--

CREATE TABLE public.auth_group_permissions (
    id integer NOT NULL,
    group_id integer NOT NULL,
    permission_id integer NOT NULL
);


ALTER TABLE public.auth_group_permissions OWNER TO wagtail;

--
-- Name: auth_group_permissions_id_seq; Type: SEQUENCE; Schema: public; Owner: wagtail
--

ALTER TABLE public.auth_group_permissions ALTER COLUMN id ADD GENERATED BY DEFAULT AS IDENTITY (
    SEQUENCE NAME public.auth_group_permissions_id_seq
    START WITH 1
    INCREMENT BY 1
    NO MINVALUE
    NO MAXVALUE
    CACHE 1
);


--
-- Name: auth_permission; Type: TABLE; Schema: public; Owner: wagtail
--

CREATE TABLE public.auth_permission (
    id integer NOT NULL,
    name character varying(255) NOT NULL,
    content_type_id integer NOT NULL,
    codename character varying(100) NOT NULL
);


ALTER TABLE public.auth_permission OWNER TO wagtail;

--
-- Name: auth_permission_id_seq; Type: SEQUENCE; Schema: public; Owner: wagtail
--

ALTER TABLE public.auth_permission ALTER COLUMN id ADD GENERATED BY DEFAULT AS IDENTITY (
    SEQUENCE NAME public.auth_permission_id_seq
    START WITH 1
    INCREMENT BY 1
    NO MINVALUE
    NO MAXVALUE
    CACHE 1
);


--
-- Name: auth_user; Type: TABLE; Schema: public; Owner: wagtail
--

CREATE TABLE public.auth_user (
    id integer NOT NULL,
    password character varying(128) NOT NULL,
    last_login timestamp with time zone,
    is_superuser boolean NOT NULL,
    username character varying(150) NOT NULL,
    first_name character varying(150) NOT NULL,
    last_name character varying(150) NOT NULL,
    email character varying(254) NOT NULL,
    is_staff boolean NOT NULL,
    is_active boolean NOT NULL,
    date_joined timestamp with time zone NOT NULL
);


ALTER TABLE public.auth_user OWNER TO wagtail;

--
-- Name: auth_user_groups; Type: TABLE; Schema: public; Owner: wagtail
--

CREATE TABLE public.auth_user_groups (
    id integer NOT NULL,
    user_id integer NOT NULL,
    group_id integer NOT NULL
);


ALTER TABLE public.auth_user_groups OWNER TO wagtail;

--
-- Name: auth_user_groups_id_seq; Type: SEQUENCE; Schema: public; Owner: wagtail
--

ALTER TABLE public.auth_user_groups ALTER COLUMN id ADD GENERATED BY DEFAULT AS IDENTITY (
    SEQUENCE NAME public.auth_user_groups_id_seq
    START WITH 1
    INCREMENT BY 1
    NO MINVALUE
    NO MAXVALUE
    CACHE 1
);


--
-- Name: auth_user_id_seq; Type: SEQUENCE; Schema: public; Owner: wagtail
--

ALTER TABLE public.auth_user ALTER COLUMN id ADD GENERATED BY DEFAULT AS IDENTITY (
    SEQUENCE NAME public.auth_user_id_seq
    START WITH 1
    INCREMENT BY 1
    NO MINVALUE
    NO MAXVALUE
    CACHE 1
);


--
-- Name: auth_user_user_permissions; Type: TABLE; Schema: public; Owner: wagtail
--

CREATE TABLE public.auth_user_user_permissions (
    id integer NOT NULL,
    user_id integer NOT NULL,
    permission_id integer NOT NULL
);


ALTER TABLE public.auth_user_user_permissions OWNER TO wagtail;

--
-- Name: auth_user_user_permissions_id_seq; Type: SEQUENCE; Schema: public; Owner: wagtail
--

ALTER TABLE public.auth_user_user_permissions ALTER COLUMN id ADD GENERATED BY DEFAULT AS IDENTITY (
    SEQUENCE NAME public.auth_user_user_permissions_id_seq
    START WITH 1
    INCREMENT BY 1
    NO MINVALUE
    NO MAXVALUE
    CACHE 1
);


--
-- Name: blog_blogcategory; Type: TABLE; Schema: public; Owner: wagtail
--

CREATE TABLE public.blog_blogcategory (
    id integer NOT NULL,
    name character varying(255) NOT NULL,
    slug character varying(80) NOT NULL
);


ALTER TABLE public.blog_blogcategory OWNER TO wagtail;

--
-- Name: blog_blogcategory_id_seq; Type: SEQUENCE; Schema: public; Owner: wagtail
--

ALTER TABLE public.blog_blogcategory ALTER COLUMN id ADD GENERATED BY DEFAULT AS IDENTITY (
    SEQUENCE NAME public.blog_blogcategory_id_seq
    START WITH 1
    INCREMENT BY 1
    NO MINVALUE
    NO MAXVALUE
    CACHE 1
);


--
-- Name: blog_blogpage; Type: TABLE; Schema: public; Owner: wagtail
--

CREATE TABLE public.blog_blogpage (
    page_ptr_id integer NOT NULL,
    description character varying(255) NOT NULL
);


ALTER TABLE public.blog_blogpage OWNER TO wagtail;

--
-- Name: blog_postpage; Type: TABLE; Schema: public; Owner: wagtail
--

CREATE TABLE public.blog_postpage (
    page_ptr_id integer NOT NULL,
    header_image_id integer,
    body jsonb NOT NULL
);


ALTER TABLE public.blog_postpage OWNER TO wagtail;

--
-- Name: blog_postpageblogcategory; Type: TABLE; Schema: public; Owner: wagtail
--

CREATE TABLE public.blog_postpageblogcategory (
    id integer NOT NULL,
    blog_category_id integer NOT NULL,
    page_id integer NOT NULL
);


ALTER TABLE public.blog_postpageblogcategory OWNER TO wagtail;

--
-- Name: blog_postpageblogcategory_id_seq; Type: SEQUENCE; Schema: public; Owner: wagtail
--

ALTER TABLE public.blog_postpageblogcategory ALTER COLUMN id ADD GENERATED BY DEFAULT AS IDENTITY (
    SEQUENCE NAME public.blog_postpageblogcategory_id_seq
    START WITH 1
    INCREMENT BY 1
    NO MINVALUE
    NO MAXVALUE
    CACHE 1
);


--
-- Name: blog_postpagetag; Type: TABLE; Schema: public; Owner: wagtail
--

CREATE TABLE public.blog_postpagetag (
    id integer NOT NULL,
    content_object_id integer NOT NULL,
    tag_id integer NOT NULL
);


ALTER TABLE public.blog_postpagetag OWNER TO wagtail;

--
-- Name: blog_postpagetag_id_seq; Type: SEQUENCE; Schema: public; Owner: wagtail
--

ALTER TABLE public.blog_postpagetag ALTER COLUMN id ADD GENERATED BY DEFAULT AS IDENTITY (
    SEQUENCE NAME public.blog_postpagetag_id_seq
    START WITH 1
    INCREMENT BY 1
    NO MINVALUE
    NO MAXVALUE
    CACHE 1
);


--
-- Name: django_admin_log; Type: TABLE; Schema: public; Owner: wagtail
--

CREATE TABLE public.django_admin_log (
    id integer NOT NULL,
    action_time timestamp with time zone NOT NULL,
    object_id text,
    object_repr character varying(200) NOT NULL,
    action_flag smallint NOT NULL,
    change_message text NOT NULL,
    content_type_id integer,
    user_id integer NOT NULL,
    CONSTRAINT django_admin_log_action_flag_check CHECK ((action_flag >= 0))
);


ALTER TABLE public.django_admin_log OWNER TO wagtail;

--
-- Name: django_admin_log_id_seq; Type: SEQUENCE; Schema: public; Owner: wagtail
--

ALTER TABLE public.django_admin_log ALTER COLUMN id ADD GENERATED BY DEFAULT AS IDENTITY (
    SEQUENCE NAME public.django_admin_log_id_seq
    START WITH 1
    INCREMENT BY 1
    NO MINVALUE
    NO MAXVALUE
    CACHE 1
);


--
-- Name: django_content_type; Type: TABLE; Schema: public; Owner: wagtail
--

CREATE TABLE public.django_content_type (
    id integer NOT NULL,
    app_label character varying(100) NOT NULL,
    model character varying(100) NOT NULL
);


ALTER TABLE public.django_content_type OWNER TO wagtail;

--
-- Name: django_content_type_id_seq; Type: SEQUENCE; Schema: public; Owner: wagtail
--

ALTER TABLE public.django_content_type ALTER COLUMN id ADD GENERATED BY DEFAULT AS IDENTITY (
    SEQUENCE NAME public.django_content_type_id_seq
    START WITH 1
    INCREMENT BY 1
    NO MINVALUE
    NO MAXVALUE
    CACHE 1
);


--
-- Name: django_migrations; Type: TABLE; Schema: public; Owner: wagtail
--

CREATE TABLE public.django_migrations (
    id integer NOT NULL,
    app character varying(255) NOT NULL,
    name character varying(255) NOT NULL,
    applied timestamp with time zone NOT NULL
);


ALTER TABLE public.django_migrations OWNER TO wagtail;

--
-- Name: django_migrations_id_seq; Type: SEQUENCE; Schema: public; Owner: wagtail
--

ALTER TABLE public.django_migrations ALTER COLUMN id ADD GENERATED BY DEFAULT AS IDENTITY (
    SEQUENCE NAME public.django_migrations_id_seq
    START WITH 1
    INCREMENT BY 1
    NO MINVALUE
    NO MAXVALUE
    CACHE 1
);


--
-- Name: django_session; Type: TABLE; Schema: public; Owner: wagtail
--

CREATE TABLE public.django_session (
    session_key character varying(40) NOT NULL,
    session_data text NOT NULL,
    expire_date timestamp with time zone NOT NULL
);


ALTER TABLE public.django_session OWNER TO wagtail;

--
-- Name: taggit_tag; Type: TABLE; Schema: public; Owner: wagtail
--

CREATE TABLE public.taggit_tag (
    id integer NOT NULL,
    name character varying(100) NOT NULL,
    slug character varying(100) NOT NULL
);


ALTER TABLE public.taggit_tag OWNER TO wagtail;

--
-- Name: taggit_tag_id_seq; Type: SEQUENCE; Schema: public; Owner: wagtail
--

ALTER TABLE public.taggit_tag ALTER COLUMN id ADD GENERATED BY DEFAULT AS IDENTITY (
    SEQUENCE NAME public.taggit_tag_id_seq
    START WITH 1
    INCREMENT BY 1
    NO MINVALUE
    NO MAXVALUE
    CACHE 1
);


--
-- Name: taggit_taggeditem; Type: TABLE; Schema: public; Owner: wagtail
--

CREATE TABLE public.taggit_taggeditem (
    id integer NOT NULL,
    object_id integer NOT NULL,
    content_type_id integer NOT NULL,
    tag_id integer NOT NULL
);


ALTER TABLE public.taggit_taggeditem OWNER TO wagtail;

--
-- Name: taggit_taggeditem_id_seq; Type: SEQUENCE; Schema: public; Owner: wagtail
--

ALTER TABLE public.taggit_taggeditem ALTER COLUMN id ADD GENERATED BY DEFAULT AS IDENTITY (
    SEQUENCE NAME public.taggit_taggeditem_id_seq
    START WITH 1
    INCREMENT BY 1
    NO MINVALUE
    NO MAXVALUE
    CACHE 1
);


--
-- Name: wagtailadmin_admin; Type: TABLE; Schema: public; Owner: wagtail
--

CREATE TABLE public.wagtailadmin_admin (
    id integer NOT NULL
);


ALTER TABLE public.wagtailadmin_admin OWNER TO wagtail;

--
-- Name: wagtailadmin_admin_id_seq; Type: SEQUENCE; Schema: public; Owner: wagtail
--

ALTER TABLE public.wagtailadmin_admin ALTER COLUMN id ADD GENERATED BY DEFAULT AS IDENTITY (
    SEQUENCE NAME public.wagtailadmin_admin_id_seq
    START WITH 1
    INCREMENT BY 1
    NO MINVALUE
    NO MAXVALUE
    CACHE 1
);


--
-- Name: wagtailcore_collection; Type: TABLE; Schema: public; Owner: wagtail
--

CREATE TABLE public.wagtailcore_collection (
    id integer NOT NULL,
    path character varying(255) NOT NULL COLLATE pg_catalog."C",
    depth integer NOT NULL,
    numchild integer NOT NULL,
    name character varying(255) NOT NULL,
    CONSTRAINT wagtailcore_collection_depth_check CHECK ((depth >= 0)),
    CONSTRAINT wagtailcore_collection_numchild_check CHECK ((numchild >= 0))
);


ALTER TABLE public.wagtailcore_collection OWNER TO wagtail;

--
-- Name: wagtailcore_collection_id_seq; Type: SEQUENCE; Schema: public; Owner: wagtail
--

ALTER TABLE public.wagtailcore_collection ALTER COLUMN id ADD GENERATED BY DEFAULT AS IDENTITY (
    SEQUENCE NAME public.wagtailcore_collection_id_seq
    START WITH 1
    INCREMENT BY 1
    NO MINVALUE
    NO MAXVALUE
    CACHE 1
);


--
-- Name: wagtailcore_collectionviewrestriction; Type: TABLE; Schema: public; Owner: wagtail
--

CREATE TABLE public.wagtailcore_collectionviewrestriction (
    id integer NOT NULL,
    restriction_type character varying(20) NOT NULL,
    password character varying(255) NOT NULL,
    collection_id integer NOT NULL
);


ALTER TABLE public.wagtailcore_collectionviewrestriction OWNER TO wagtail;

--
-- Name: wagtailcore_collectionviewrestriction_groups; Type: TABLE; Schema: public; Owner: wagtail
--

CREATE TABLE public.wagtailcore_collectionviewrestriction_groups (
    id integer NOT NULL,
    collectionviewrestriction_id integer NOT NULL,
    group_id integer NOT NULL
);


ALTER TABLE public.wagtailcore_collectionviewrestriction_groups OWNER TO wagtail;

--
-- Name: wagtailcore_collectionviewrestriction_groups_id_seq; Type: SEQUENCE; Schema: public; Owner: wagtail
--

ALTER TABLE public.wagtailcore_collectionviewrestriction_groups ALTER COLUMN id ADD GENERATED BY DEFAULT AS IDENTITY (
    SEQUENCE NAME public.wagtailcore_collectionviewrestriction_groups_id_seq
    START WITH 1
    INCREMENT BY 1
    NO MINVALUE
    NO MAXVALUE
    CACHE 1
);


--
-- Name: wagtailcore_collectionviewrestriction_id_seq; Type: SEQUENCE; Schema: public; Owner: wagtail
--

ALTER TABLE public.wagtailcore_collectionviewrestriction ALTER COLUMN id ADD GENERATED BY DEFAULT AS IDENTITY (
    SEQUENCE NAME public.wagtailcore_collectionviewrestriction_id_seq
    START WITH 1
    INCREMENT BY 1
    NO MINVALUE
    NO MAXVALUE
    CACHE 1
);


--
-- Name: wagtailcore_comment; Type: TABLE; Schema: public; Owner: wagtail
--

CREATE TABLE public.wagtailcore_comment (
    id integer NOT NULL,
    text text NOT NULL,
    contentpath text NOT NULL,
    "position" text NOT NULL,
    created_at timestamp with time zone NOT NULL,
    updated_at timestamp with time zone NOT NULL,
    resolved_at timestamp with time zone,
    page_id integer NOT NULL,
    resolved_by_id integer,
    revision_created_id integer,
    user_id integer NOT NULL
);


ALTER TABLE public.wagtailcore_comment OWNER TO wagtail;

--
-- Name: wagtailcore_comment_id_seq; Type: SEQUENCE; Schema: public; Owner: wagtail
--

ALTER TABLE public.wagtailcore_comment ALTER COLUMN id ADD GENERATED BY DEFAULT AS IDENTITY (
    SEQUENCE NAME public.wagtailcore_comment_id_seq
    START WITH 1
    INCREMENT BY 1
    NO MINVALUE
    NO MAXVALUE
    CACHE 1
);


--
-- Name: wagtailcore_commentreply; Type: TABLE; Schema: public; Owner: wagtail
--

CREATE TABLE public.wagtailcore_commentreply (
    id integer NOT NULL,
    text text NOT NULL,
    created_at timestamp with time zone NOT NULL,
    updated_at timestamp with time zone NOT NULL,
    comment_id integer NOT NULL,
    user_id integer NOT NULL
);


ALTER TABLE public.wagtailcore_commentreply OWNER TO wagtail;

--
-- Name: wagtailcore_commentreply_id_seq; Type: SEQUENCE; Schema: public; Owner: wagtail
--

ALTER TABLE public.wagtailcore_commentreply ALTER COLUMN id ADD GENERATED BY DEFAULT AS IDENTITY (
    SEQUENCE NAME public.wagtailcore_commentreply_id_seq
    START WITH 1
    INCREMENT BY 1
    NO MINVALUE
    NO MAXVALUE
    CACHE 1
);


--
-- Name: wagtailcore_groupapprovaltask; Type: TABLE; Schema: public; Owner: wagtail
--

CREATE TABLE public.wagtailcore_groupapprovaltask (
    task_ptr_id integer NOT NULL
);


ALTER TABLE public.wagtailcore_groupapprovaltask OWNER TO wagtail;

--
-- Name: wagtailcore_groupapprovaltask_groups; Type: TABLE; Schema: public; Owner: wagtail
--

CREATE TABLE public.wagtailcore_groupapprovaltask_groups (
    id integer NOT NULL,
    groupapprovaltask_id integer NOT NULL,
    group_id integer NOT NULL
);


ALTER TABLE public.wagtailcore_groupapprovaltask_groups OWNER TO wagtail;

--
-- Name: wagtailcore_groupapprovaltask_groups_id_seq; Type: SEQUENCE; Schema: public; Owner: wagtail
--

ALTER TABLE public.wagtailcore_groupapprovaltask_groups ALTER COLUMN id ADD GENERATED BY DEFAULT AS IDENTITY (
    SEQUENCE NAME public.wagtailcore_groupapprovaltask_groups_id_seq
    START WITH 1
    INCREMENT BY 1
    NO MINVALUE
    NO MAXVALUE
    CACHE 1
);


--
-- Name: wagtailcore_groupcollectionpermission; Type: TABLE; Schema: public; Owner: wagtail
--

CREATE TABLE public.wagtailcore_groupcollectionpermission (
    id integer NOT NULL,
    collection_id integer NOT NULL,
    group_id integer NOT NULL,
    permission_id integer NOT NULL
);


ALTER TABLE public.wagtailcore_groupcollectionpermission OWNER TO wagtail;

--
-- Name: wagtailcore_groupcollectionpermission_id_seq; Type: SEQUENCE; Schema: public; Owner: wagtail
--

ALTER TABLE public.wagtailcore_groupcollectionpermission ALTER COLUMN id ADD GENERATED BY DEFAULT AS IDENTITY (
    SEQUENCE NAME public.wagtailcore_groupcollectionpermission_id_seq
    START WITH 1
    INCREMENT BY 1
    NO MINVALUE
    NO MAXVALUE
    CACHE 1
);


--
-- Name: wagtailcore_grouppagepermission; Type: TABLE; Schema: public; Owner: wagtail
--

CREATE TABLE public.wagtailcore_grouppagepermission (
    id integer NOT NULL,
    permission_type character varying(20) NOT NULL,
    group_id integer NOT NULL,
    page_id integer NOT NULL
);


ALTER TABLE public.wagtailcore_grouppagepermission OWNER TO wagtail;

--
-- Name: wagtailcore_grouppagepermission_id_seq; Type: SEQUENCE; Schema: public; Owner: wagtail
--

ALTER TABLE public.wagtailcore_grouppagepermission ALTER COLUMN id ADD GENERATED BY DEFAULT AS IDENTITY (
    SEQUENCE NAME public.wagtailcore_grouppagepermission_id_seq
    START WITH 1
    INCREMENT BY 1
    NO MINVALUE
    NO MAXVALUE
    CACHE 1
);


--
-- Name: wagtailcore_locale; Type: TABLE; Schema: public; Owner: wagtail
--

CREATE TABLE public.wagtailcore_locale (
    id integer NOT NULL,
    language_code character varying(100) NOT NULL
);


ALTER TABLE public.wagtailcore_locale OWNER TO wagtail;

--
-- Name: wagtailcore_locale_id_seq; Type: SEQUENCE; Schema: public; Owner: wagtail
--

ALTER TABLE public.wagtailcore_locale ALTER COLUMN id ADD GENERATED BY DEFAULT AS IDENTITY (
    SEQUENCE NAME public.wagtailcore_locale_id_seq
    START WITH 1
    INCREMENT BY 1
    NO MINVALUE
    NO MAXVALUE
    CACHE 1
);


--
-- Name: wagtailcore_modellogentry; Type: TABLE; Schema: public; Owner: wagtail
--

CREATE TABLE public.wagtailcore_modellogentry (
    id integer NOT NULL,
    label text NOT NULL,
    action character varying(255) NOT NULL,
    data jsonb NOT NULL,
    "timestamp" timestamp with time zone NOT NULL,
    content_changed boolean NOT NULL,
    deleted boolean NOT NULL,
    object_id character varying(255) NOT NULL,
    content_type_id integer,
    user_id integer,
    uuid uuid,
    revision_id integer
);


ALTER TABLE public.wagtailcore_modellogentry OWNER TO wagtail;

--
-- Name: wagtailcore_modellogentry_id_seq; Type: SEQUENCE; Schema: public; Owner: wagtail
--

ALTER TABLE public.wagtailcore_modellogentry ALTER COLUMN id ADD GENERATED BY DEFAULT AS IDENTITY (
    SEQUENCE NAME public.wagtailcore_modellogentry_id_seq
    START WITH 1
    INCREMENT BY 1
    NO MINVALUE
    NO MAXVALUE
    CACHE 1
);


--
-- Name: wagtailcore_page; Type: TABLE; Schema: public; Owner: wagtail
--

CREATE TABLE public.wagtailcore_page (
    id integer NOT NULL,
    path character varying(255) NOT NULL COLLATE pg_catalog."C",
    depth integer NOT NULL,
    numchild integer NOT NULL,
    title character varying(255) NOT NULL,
    slug character varying(255) NOT NULL,
    live boolean NOT NULL,
    has_unpublished_changes boolean NOT NULL,
    url_path text NOT NULL,
    seo_title character varying(255) NOT NULL,
    show_in_menus boolean NOT NULL,
    search_description text NOT NULL,
    go_live_at timestamp with time zone,
    expire_at timestamp with time zone,
    expired boolean NOT NULL,
    content_type_id integer NOT NULL,
    owner_id integer,
    locked boolean NOT NULL,
    latest_revision_created_at timestamp with time zone,
    first_published_at timestamp with time zone,
    live_revision_id integer,
    last_published_at timestamp with time zone,
    draft_title character varying(255) NOT NULL,
    locked_at timestamp with time zone,
    locked_by_id integer,
    translation_key uuid NOT NULL,
    locale_id integer NOT NULL,
    alias_of_id integer,
    latest_revision_id integer,
    CONSTRAINT wagtailcore_page_depth_check CHECK ((depth >= 0)),
    CONSTRAINT wagtailcore_page_numchild_check CHECK ((numchild >= 0))
);


ALTER TABLE public.wagtailcore_page OWNER TO wagtail;

--
-- Name: wagtailcore_page_id_seq; Type: SEQUENCE; Schema: public; Owner: wagtail
--

ALTER TABLE public.wagtailcore_page ALTER COLUMN id ADD GENERATED BY DEFAULT AS IDENTITY (
    SEQUENCE NAME public.wagtailcore_page_id_seq
    START WITH 1
    INCREMENT BY 1
    NO MINVALUE
    NO MAXVALUE
    CACHE 1
);


--
-- Name: wagtailcore_pagelogentry; Type: TABLE; Schema: public; Owner: wagtail
--

CREATE TABLE public.wagtailcore_pagelogentry (
    id integer NOT NULL,
    label text NOT NULL,
    action character varying(255) NOT NULL,
    data jsonb NOT NULL,
    "timestamp" timestamp with time zone NOT NULL,
    content_changed boolean NOT NULL,
    deleted boolean NOT NULL,
    content_type_id integer,
    page_id integer NOT NULL,
    revision_id integer,
    user_id integer,
    uuid uuid
);


ALTER TABLE public.wagtailcore_pagelogentry OWNER TO wagtail;

--
-- Name: wagtailcore_pagelogentry_id_seq; Type: SEQUENCE; Schema: public; Owner: wagtail
--

ALTER TABLE public.wagtailcore_pagelogentry ALTER COLUMN id ADD GENERATED BY DEFAULT AS IDENTITY (
    SEQUENCE NAME public.wagtailcore_pagelogentry_id_seq
    START WITH 1
    INCREMENT BY 1
    NO MINVALUE
    NO MAXVALUE
    CACHE 1
);


--
-- Name: wagtailcore_revision; Type: TABLE; Schema: public; Owner: wagtail
--

CREATE TABLE public.wagtailcore_revision (
    id integer NOT NULL,
    submitted_for_moderation boolean NOT NULL,
    created_at timestamp with time zone NOT NULL,
    content jsonb NOT NULL,
    approved_go_live_at timestamp with time zone,
    object_id character varying(255) NOT NULL,
    user_id integer,
    content_type_id integer NOT NULL,
    base_content_type_id integer NOT NULL,
    object_str text NOT NULL
);


ALTER TABLE public.wagtailcore_revision OWNER TO wagtail;

--
-- Name: wagtailcore_pagerevision_id_seq; Type: SEQUENCE; Schema: public; Owner: wagtail
--

ALTER TABLE public.wagtailcore_revision ALTER COLUMN id ADD GENERATED BY DEFAULT AS IDENTITY (
    SEQUENCE NAME public.wagtailcore_pagerevision_id_seq
    START WITH 1
    INCREMENT BY 1
    NO MINVALUE
    NO MAXVALUE
    CACHE 1
);


--
-- Name: wagtailcore_pagesubscription; Type: TABLE; Schema: public; Owner: wagtail
--

CREATE TABLE public.wagtailcore_pagesubscription (
    id integer NOT NULL,
    comment_notifications boolean NOT NULL,
    page_id integer NOT NULL,
    user_id integer NOT NULL
);


ALTER TABLE public.wagtailcore_pagesubscription OWNER TO wagtail;

--
-- Name: wagtailcore_pagesubscription_id_seq; Type: SEQUENCE; Schema: public; Owner: wagtail
--

ALTER TABLE public.wagtailcore_pagesubscription ALTER COLUMN id ADD GENERATED BY DEFAULT AS IDENTITY (
    SEQUENCE NAME public.wagtailcore_pagesubscription_id_seq
    START WITH 1
    INCREMENT BY 1
    NO MINVALUE
    NO MAXVALUE
    CACHE 1
);


--
-- Name: wagtailcore_pageviewrestriction; Type: TABLE; Schema: public; Owner: wagtail
--

CREATE TABLE public.wagtailcore_pageviewrestriction (
    id integer NOT NULL,
    password character varying(255) NOT NULL,
    page_id integer NOT NULL,
    restriction_type character varying(20) NOT NULL
);


ALTER TABLE public.wagtailcore_pageviewrestriction OWNER TO wagtail;

--
-- Name: wagtailcore_pageviewrestriction_groups; Type: TABLE; Schema: public; Owner: wagtail
--

CREATE TABLE public.wagtailcore_pageviewrestriction_groups (
    id integer NOT NULL,
    pageviewrestriction_id integer NOT NULL,
    group_id integer NOT NULL
);


ALTER TABLE public.wagtailcore_pageviewrestriction_groups OWNER TO wagtail;

--
-- Name: wagtailcore_pageviewrestriction_groups_id_seq; Type: SEQUENCE; Schema: public; Owner: wagtail
--

ALTER TABLE public.wagtailcore_pageviewrestriction_groups ALTER COLUMN id ADD GENERATED BY DEFAULT AS IDENTITY (
    SEQUENCE NAME public.wagtailcore_pageviewrestriction_groups_id_seq
    START WITH 1
    INCREMENT BY 1
    NO MINVALUE
    NO MAXVALUE
    CACHE 1
);


--
-- Name: wagtailcore_pageviewrestriction_id_seq; Type: SEQUENCE; Schema: public; Owner: wagtail
--

ALTER TABLE public.wagtailcore_pageviewrestriction ALTER COLUMN id ADD GENERATED BY DEFAULT AS IDENTITY (
    SEQUENCE NAME public.wagtailcore_pageviewrestriction_id_seq
    START WITH 1
    INCREMENT BY 1
    NO MINVALUE
    NO MAXVALUE
    CACHE 1
);


--
-- Name: wagtailcore_site; Type: TABLE; Schema: public; Owner: wagtail
--

CREATE TABLE public.wagtailcore_site (
    id integer NOT NULL,
    hostname character varying(255) NOT NULL,
    port integer NOT NULL,
    is_default_site boolean NOT NULL,
    root_page_id integer NOT NULL,
    site_name character varying(255) NOT NULL
);


ALTER TABLE public.wagtailcore_site OWNER TO wagtail;

--
-- Name: wagtailcore_site_id_seq; Type: SEQUENCE; Schema: public; Owner: wagtail
--

ALTER TABLE public.wagtailcore_site ALTER COLUMN id ADD GENERATED BY DEFAULT AS IDENTITY (
    SEQUENCE NAME public.wagtailcore_site_id_seq
    START WITH 1
    INCREMENT BY 1
    NO MINVALUE
    NO MAXVALUE
    CACHE 1
);


--
-- Name: wagtailcore_task; Type: TABLE; Schema: public; Owner: wagtail
--

CREATE TABLE public.wagtailcore_task (
    id integer NOT NULL,
    name character varying(255) NOT NULL,
    active boolean NOT NULL,
    content_type_id integer NOT NULL
);


ALTER TABLE public.wagtailcore_task OWNER TO wagtail;

--
-- Name: wagtailcore_task_id_seq; Type: SEQUENCE; Schema: public; Owner: wagtail
--

ALTER TABLE public.wagtailcore_task ALTER COLUMN id ADD GENERATED BY DEFAULT AS IDENTITY (
    SEQUENCE NAME public.wagtailcore_task_id_seq
    START WITH 1
    INCREMENT BY 1
    NO MINVALUE
    NO MAXVALUE
    CACHE 1
);


--
-- Name: wagtailcore_taskstate; Type: TABLE; Schema: public; Owner: wagtail
--

CREATE TABLE public.wagtailcore_taskstate (
    id integer NOT NULL,
    status character varying(50) NOT NULL,
    started_at timestamp with time zone NOT NULL,
    finished_at timestamp with time zone,
    content_type_id integer NOT NULL,
    page_revision_id integer NOT NULL,
    task_id integer NOT NULL,
    workflow_state_id integer NOT NULL,
    finished_by_id integer,
    comment text NOT NULL
);


ALTER TABLE public.wagtailcore_taskstate OWNER TO wagtail;

--
-- Name: wagtailcore_taskstate_id_seq; Type: SEQUENCE; Schema: public; Owner: wagtail
--

ALTER TABLE public.wagtailcore_taskstate ALTER COLUMN id ADD GENERATED BY DEFAULT AS IDENTITY (
    SEQUENCE NAME public.wagtailcore_taskstate_id_seq
    START WITH 1
    INCREMENT BY 1
    NO MINVALUE
    NO MAXVALUE
    CACHE 1
);


--
-- Name: wagtailcore_workflow; Type: TABLE; Schema: public; Owner: wagtail
--

CREATE TABLE public.wagtailcore_workflow (
    id integer NOT NULL,
    name character varying(255) NOT NULL,
    active boolean NOT NULL
);


ALTER TABLE public.wagtailcore_workflow OWNER TO wagtail;

--
-- Name: wagtailcore_workflow_id_seq; Type: SEQUENCE; Schema: public; Owner: wagtail
--

ALTER TABLE public.wagtailcore_workflow ALTER COLUMN id ADD GENERATED BY DEFAULT AS IDENTITY (
    SEQUENCE NAME public.wagtailcore_workflow_id_seq
    START WITH 1
    INCREMENT BY 1
    NO MINVALUE
    NO MAXVALUE
    CACHE 1
);


--
-- Name: wagtailcore_workflowpage; Type: TABLE; Schema: public; Owner: wagtail
--

CREATE TABLE public.wagtailcore_workflowpage (
    page_id integer NOT NULL,
    workflow_id integer NOT NULL
);


ALTER TABLE public.wagtailcore_workflowpage OWNER TO wagtail;

--
-- Name: wagtailcore_workflowstate; Type: TABLE; Schema: public; Owner: wagtail
--

CREATE TABLE public.wagtailcore_workflowstate (
    id integer NOT NULL,
    status character varying(50) NOT NULL,
    created_at timestamp with time zone NOT NULL,
    current_task_state_id integer,
    page_id integer NOT NULL,
    requested_by_id integer,
    workflow_id integer NOT NULL
);


ALTER TABLE public.wagtailcore_workflowstate OWNER TO wagtail;

--
-- Name: wagtailcore_workflowstate_id_seq; Type: SEQUENCE; Schema: public; Owner: wagtail
--

ALTER TABLE public.wagtailcore_workflowstate ALTER COLUMN id ADD GENERATED BY DEFAULT AS IDENTITY (
    SEQUENCE NAME public.wagtailcore_workflowstate_id_seq
    START WITH 1
    INCREMENT BY 1
    NO MINVALUE
    NO MAXVALUE
    CACHE 1
);


--
-- Name: wagtailcore_workflowtask; Type: TABLE; Schema: public; Owner: wagtail
--

CREATE TABLE public.wagtailcore_workflowtask (
    id integer NOT NULL,
    sort_order integer,
    task_id integer NOT NULL,
    workflow_id integer NOT NULL
);


ALTER TABLE public.wagtailcore_workflowtask OWNER TO wagtail;

--
-- Name: wagtailcore_workflowtask_id_seq; Type: SEQUENCE; Schema: public; Owner: wagtail
--

ALTER TABLE public.wagtailcore_workflowtask ALTER COLUMN id ADD GENERATED BY DEFAULT AS IDENTITY (
    SEQUENCE NAME public.wagtailcore_workflowtask_id_seq
    START WITH 1
    INCREMENT BY 1
    NO MINVALUE
    NO MAXVALUE
    CACHE 1
);


--
-- Name: wagtaildocs_document; Type: TABLE; Schema: public; Owner: wagtail
--

CREATE TABLE public.wagtaildocs_document (
    id integer NOT NULL,
    title character varying(255) NOT NULL,
    file character varying(100) NOT NULL,
    created_at timestamp with time zone NOT NULL,
    uploaded_by_user_id integer,
    collection_id integer NOT NULL,
    file_size integer,
    file_hash character varying(40) NOT NULL,
    CONSTRAINT wagtaildocs_document_file_size_check CHECK ((file_size >= 0))
);


ALTER TABLE public.wagtaildocs_document OWNER TO wagtail;

--
-- Name: wagtaildocs_document_id_seq; Type: SEQUENCE; Schema: public; Owner: wagtail
--

ALTER TABLE public.wagtaildocs_document ALTER COLUMN id ADD GENERATED BY DEFAULT AS IDENTITY (
    SEQUENCE NAME public.wagtaildocs_document_id_seq
    START WITH 1
    INCREMENT BY 1
    NO MINVALUE
    NO MAXVALUE
    CACHE 1
);


--
-- Name: wagtaildocs_uploadeddocument; Type: TABLE; Schema: public; Owner: wagtail
--

CREATE TABLE public.wagtaildocs_uploadeddocument (
    id integer NOT NULL,
    file character varying(200) NOT NULL,
    uploaded_by_user_id integer
);


ALTER TABLE public.wagtaildocs_uploadeddocument OWNER TO wagtail;

--
-- Name: wagtaildocs_uploadeddocument_id_seq; Type: SEQUENCE; Schema: public; Owner: wagtail
--

ALTER TABLE public.wagtaildocs_uploadeddocument ALTER COLUMN id ADD GENERATED BY DEFAULT AS IDENTITY (
    SEQUENCE NAME public.wagtaildocs_uploadeddocument_id_seq
    START WITH 1
    INCREMENT BY 1
    NO MINVALUE
    NO MAXVALUE
    CACHE 1
);


--
-- Name: wagtailembeds_embed; Type: TABLE; Schema: public; Owner: wagtail
--

CREATE TABLE public.wagtailembeds_embed (
    id integer NOT NULL,
    url text NOT NULL,
    max_width smallint,
    type character varying(10) NOT NULL,
    html text NOT NULL,
    title text NOT NULL,
    author_name text NOT NULL,
    provider_name text NOT NULL,
    thumbnail_url text NOT NULL,
    width integer,
    height integer,
    last_updated timestamp with time zone NOT NULL,
    hash character varying(32) NOT NULL,
    cache_until timestamp with time zone
);


ALTER TABLE public.wagtailembeds_embed OWNER TO wagtail;

--
-- Name: wagtailembeds_embed_id_seq; Type: SEQUENCE; Schema: public; Owner: wagtail
--

ALTER TABLE public.wagtailembeds_embed ALTER COLUMN id ADD GENERATED BY DEFAULT AS IDENTITY (
    SEQUENCE NAME public.wagtailembeds_embed_id_seq
    START WITH 1
    INCREMENT BY 1
    NO MINVALUE
    NO MAXVALUE
    CACHE 1
);


--
-- Name: wagtailforms_formsubmission; Type: TABLE; Schema: public; Owner: wagtail
--

CREATE TABLE public.wagtailforms_formsubmission (
    id integer NOT NULL,
    form_data jsonb NOT NULL,
    submit_time timestamp with time zone NOT NULL,
    page_id integer NOT NULL
);


ALTER TABLE public.wagtailforms_formsubmission OWNER TO wagtail;

--
-- Name: wagtailforms_formsubmission_id_seq; Type: SEQUENCE; Schema: public; Owner: wagtail
--

ALTER TABLE public.wagtailforms_formsubmission ALTER COLUMN id ADD GENERATED BY DEFAULT AS IDENTITY (
    SEQUENCE NAME public.wagtailforms_formsubmission_id_seq
    START WITH 1
    INCREMENT BY 1
    NO MINVALUE
    NO MAXVALUE
    CACHE 1
);


--
-- Name: wagtailimages_image; Type: TABLE; Schema: public; Owner: wagtail
--

CREATE TABLE public.wagtailimages_image (
    id integer NOT NULL,
    title character varying(255) NOT NULL,
    file character varying(100) NOT NULL,
    width integer NOT NULL,
    height integer NOT NULL,
    created_at timestamp with time zone NOT NULL,
    focal_point_x integer,
    focal_point_y integer,
    focal_point_width integer,
    focal_point_height integer,
    uploaded_by_user_id integer,
    file_size integer,
    collection_id integer NOT NULL,
    file_hash character varying(40) NOT NULL,
    CONSTRAINT wagtailimages_image_file_size_check CHECK ((file_size >= 0)),
    CONSTRAINT wagtailimages_image_focal_point_height_check CHECK ((focal_point_height >= 0)),
    CONSTRAINT wagtailimages_image_focal_point_width_check CHECK ((focal_point_width >= 0)),
    CONSTRAINT wagtailimages_image_focal_point_x_check CHECK ((focal_point_x >= 0)),
    CONSTRAINT wagtailimages_image_focal_point_y_check CHECK ((focal_point_y >= 0))
);


ALTER TABLE public.wagtailimages_image OWNER TO wagtail;

--
-- Name: wagtailimages_image_id_seq; Type: SEQUENCE; Schema: public; Owner: wagtail
--

ALTER TABLE public.wagtailimages_image ALTER COLUMN id ADD GENERATED BY DEFAULT AS IDENTITY (
    SEQUENCE NAME public.wagtailimages_image_id_seq
    START WITH 1
    INCREMENT BY 1
    NO MINVALUE
    NO MAXVALUE
    CACHE 1
);


--
-- Name: wagtailimages_rendition; Type: TABLE; Schema: public; Owner: wagtail
--

CREATE TABLE public.wagtailimages_rendition (
    id integer NOT NULL,
    file character varying(100) NOT NULL,
    width integer NOT NULL,
    height integer NOT NULL,
    focal_point_key character varying(16) NOT NULL,
    filter_spec character varying(255) NOT NULL,
    image_id integer NOT NULL
);


ALTER TABLE public.wagtailimages_rendition OWNER TO wagtail;

--
-- Name: wagtailimages_rendition_id_seq; Type: SEQUENCE; Schema: public; Owner: wagtail
--

ALTER TABLE public.wagtailimages_rendition ALTER COLUMN id ADD GENERATED BY DEFAULT AS IDENTITY (
    SEQUENCE NAME public.wagtailimages_rendition_id_seq
    START WITH 1
    INCREMENT BY 1
    NO MINVALUE
    NO MAXVALUE
    CACHE 1
);


--
-- Name: wagtailimages_uploadedimage; Type: TABLE; Schema: public; Owner: wagtail
--

CREATE TABLE public.wagtailimages_uploadedimage (
    id integer NOT NULL,
    file character varying(200) NOT NULL,
    uploaded_by_user_id integer
);


ALTER TABLE public.wagtailimages_uploadedimage OWNER TO wagtail;

--
-- Name: wagtailimages_uploadedimage_id_seq; Type: SEQUENCE; Schema: public; Owner: wagtail
--

ALTER TABLE public.wagtailimages_uploadedimage ALTER COLUMN id ADD GENERATED BY DEFAULT AS IDENTITY (
    SEQUENCE NAME public.wagtailimages_uploadedimage_id_seq
    START WITH 1
    INCREMENT BY 1
    NO MINVALUE
    NO MAXVALUE
    CACHE 1
);


--
-- Name: wagtailredirects_redirect; Type: TABLE; Schema: public; Owner: wagtail
--

CREATE TABLE public.wagtailredirects_redirect (
    id integer NOT NULL,
    old_path character varying(255) NOT NULL,
    is_permanent boolean NOT NULL,
    redirect_link character varying(255) NOT NULL,
    redirect_page_id integer,
    site_id integer,
    automatically_created boolean NOT NULL,
    created_at timestamp with time zone,
    redirect_page_route_path character varying(255) NOT NULL
);


ALTER TABLE public.wagtailredirects_redirect OWNER TO wagtail;

--
-- Name: wagtailredirects_redirect_id_seq; Type: SEQUENCE; Schema: public; Owner: wagtail
--

ALTER TABLE public.wagtailredirects_redirect ALTER COLUMN id ADD GENERATED BY DEFAULT AS IDENTITY (
    SEQUENCE NAME public.wagtailredirects_redirect_id_seq
    START WITH 1
    INCREMENT BY 1
    NO MINVALUE
    NO MAXVALUE
    CACHE 1
);


--
-- Name: wagtailsearch_editorspick; Type: TABLE; Schema: public; Owner: wagtail
--

CREATE TABLE public.wagtailsearch_editorspick (
    id integer NOT NULL,
    sort_order integer,
    description text NOT NULL,
    page_id integer NOT NULL,
    query_id integer NOT NULL
);


ALTER TABLE public.wagtailsearch_editorspick OWNER TO wagtail;

--
-- Name: wagtailsearch_editorspick_id_seq; Type: SEQUENCE; Schema: public; Owner: wagtail
--

ALTER TABLE public.wagtailsearch_editorspick ALTER COLUMN id ADD GENERATED BY DEFAULT AS IDENTITY (
    SEQUENCE NAME public.wagtailsearch_editorspick_id_seq
    START WITH 1
    INCREMENT BY 1
    NO MINVALUE
    NO MAXVALUE
    CACHE 1
);


--
-- Name: wagtailsearch_indexentry; Type: TABLE; Schema: public; Owner: wagtail
--

CREATE TABLE public.wagtailsearch_indexentry (
    id integer NOT NULL,
    object_id character varying(50) NOT NULL,
    title_norm double precision NOT NULL,
    content_type_id integer NOT NULL,
    autocomplete tsvector NOT NULL,
    title tsvector NOT NULL,
    body tsvector NOT NULL
);


ALTER TABLE public.wagtailsearch_indexentry OWNER TO wagtail;

--
-- Name: wagtailsearch_indexentry_id_seq; Type: SEQUENCE; Schema: public; Owner: wagtail
--

ALTER TABLE public.wagtailsearch_indexentry ALTER COLUMN id ADD GENERATED BY DEFAULT AS IDENTITY (
    SEQUENCE NAME public.wagtailsearch_indexentry_id_seq
    START WITH 1
    INCREMENT BY 1
    NO MINVALUE
    NO MAXVALUE
    CACHE 1
);


--
-- Name: wagtailsearch_query; Type: TABLE; Schema: public; Owner: wagtail
--

CREATE TABLE public.wagtailsearch_query (
    id integer NOT NULL,
    query_string character varying(255) NOT NULL
);


ALTER TABLE public.wagtailsearch_query OWNER TO wagtail;

--
-- Name: wagtailsearch_query_id_seq; Type: SEQUENCE; Schema: public; Owner: wagtail
--

ALTER TABLE public.wagtailsearch_query ALTER COLUMN id ADD GENERATED BY DEFAULT AS IDENTITY (
    SEQUENCE NAME public.wagtailsearch_query_id_seq
    START WITH 1
    INCREMENT BY 1
    NO MINVALUE
    NO MAXVALUE
    CACHE 1
);


--
-- Name: wagtailsearch_querydailyhits; Type: TABLE; Schema: public; Owner: wagtail
--

CREATE TABLE public.wagtailsearch_querydailyhits (
    id integer NOT NULL,
    date date NOT NULL,
    hits integer NOT NULL,
    query_id integer NOT NULL
);


ALTER TABLE public.wagtailsearch_querydailyhits OWNER TO wagtail;

--
-- Name: wagtailsearch_querydailyhits_id_seq; Type: SEQUENCE; Schema: public; Owner: wagtail
--

ALTER TABLE public.wagtailsearch_querydailyhits ALTER COLUMN id ADD GENERATED BY DEFAULT AS IDENTITY (
    SEQUENCE NAME public.wagtailsearch_querydailyhits_id_seq
    START WITH 1
    INCREMENT BY 1
    NO MINVALUE
    NO MAXVALUE
    CACHE 1
);


--
-- Name: wagtailusers_userprofile; Type: TABLE; Schema: public; Owner: wagtail
--

CREATE TABLE public.wagtailusers_userprofile (
    id integer NOT NULL,
    submitted_notifications boolean NOT NULL,
    approved_notifications boolean NOT NULL,
    rejected_notifications boolean NOT NULL,
    user_id integer NOT NULL,
    preferred_language character varying(10) NOT NULL,
    current_time_zone character varying(40) NOT NULL,
    avatar character varying(100) NOT NULL,
    updated_comments_notifications boolean NOT NULL
);


ALTER TABLE public.wagtailusers_userprofile OWNER TO wagtail;

--
-- Name: wagtailusers_userprofile_id_seq; Type: SEQUENCE; Schema: public; Owner: wagtail
--

ALTER TABLE public.wagtailusers_userprofile ALTER COLUMN id ADD GENERATED BY DEFAULT AS IDENTITY (
    SEQUENCE NAME public.wagtailusers_userprofile_id_seq
    START WITH 1
    INCREMENT BY 1
    NO MINVALUE
    NO MAXVALUE
    CACHE 1
);


--
-- Data for Name: auth_group; Type: TABLE DATA; Schema: public; Owner: wagtail
--

COPY public.auth_group (id, name) FROM stdin;
1	Moderators
2	Editors
\.


--
-- Data for Name: auth_group_permissions; Type: TABLE DATA; Schema: public; Owner: wagtail
--

COPY public.auth_group_permissions (id, group_id, permission_id) FROM stdin;
1	1	1
2	1	2
3	1	3
4	2	1
5	2	2
6	2	3
7	1	5
8	2	5
9	1	8
10	1	6
11	1	7
12	2	8
13	2	6
14	2	7
15	1	9
16	2	9
\.


--
-- Data for Name: auth_permission; Type: TABLE DATA; Schema: public; Owner: wagtail
--

COPY public.auth_permission (id, name, content_type_id, codename) FROM stdin;
1	Can add image	2	add_image
2	Can change image	2	change_image
3	Can delete image	2	delete_image
4	Can choose image	2	choose_image
5	Can access Wagtail admin	4	access_admin
6	Can add document	5	add_document
7	Can change document	5	change_document
8	Can delete document	5	delete_document
9	Can choose document	5	choose_document
10	Can add permission	6	add_permission
11	Can change permission	6	change_permission
12	Can delete permission	6	delete_permission
13	Can view permission	6	view_permission
14	Can add group	7	add_group
15	Can change group	7	change_group
16	Can delete group	7	delete_group
17	Can view group	7	view_group
18	Can add user	8	add_user
19	Can change user	8	change_user
20	Can delete user	8	delete_user
21	Can view user	8	view_user
22	Can add content type	9	add_contenttype
23	Can change content type	9	change_contenttype
24	Can delete content type	9	delete_contenttype
25	Can view content type	9	view_contenttype
26	Can add session	10	add_session
27	Can change session	10	change_session
28	Can delete session	10	delete_session
29	Can view session	10	view_session
30	Can add log entry	11	add_logentry
31	Can change log entry	11	change_logentry
32	Can delete log entry	11	delete_logentry
33	Can view log entry	11	view_logentry
34	Can add form submission	12	add_formsubmission
35	Can change form submission	12	change_formsubmission
36	Can delete form submission	12	delete_formsubmission
37	Can view form submission	12	view_formsubmission
38	Can add redirect	13	add_redirect
39	Can change redirect	13	change_redirect
40	Can delete redirect	13	delete_redirect
41	Can view redirect	13	view_redirect
42	Can add embed	14	add_embed
43	Can change embed	14	change_embed
44	Can delete embed	14	delete_embed
45	Can view embed	14	view_embed
46	Can add user profile	15	add_userprofile
47	Can change user profile	15	change_userprofile
48	Can delete user profile	15	delete_userprofile
49	Can view user profile	15	view_userprofile
50	Can view document	5	view_document
51	Can add uploaded document	16	add_uploadeddocument
52	Can change uploaded document	16	change_uploadeddocument
53	Can delete uploaded document	16	delete_uploadeddocument
54	Can view uploaded document	16	view_uploadeddocument
55	Can view image	2	view_image
56	Can add rendition	17	add_rendition
57	Can change rendition	17	change_rendition
58	Can delete rendition	17	delete_rendition
59	Can view rendition	17	view_rendition
60	Can add uploaded image	18	add_uploadedimage
61	Can change uploaded image	18	change_uploadedimage
62	Can delete uploaded image	18	delete_uploadedimage
63	Can view uploaded image	18	view_uploadedimage
64	Can add query	19	add_query
65	Can change query	19	change_query
66	Can delete query	19	delete_query
67	Can view query	19	view_query
68	Can add Query Daily Hits	20	add_querydailyhits
69	Can change Query Daily Hits	20	change_querydailyhits
70	Can delete Query Daily Hits	20	delete_querydailyhits
71	Can view Query Daily Hits	20	view_querydailyhits
72	Can add index entry	21	add_indexentry
73	Can change index entry	21	change_indexentry
74	Can delete index entry	21	delete_indexentry
75	Can view index entry	21	view_indexentry
76	Can add page	1	add_page
77	Can change page	1	change_page
78	Can delete page	1	delete_page
79	Can view page	1	view_page
80	Can add group page permission	22	add_grouppagepermission
81	Can change group page permission	22	change_grouppagepermission
82	Can delete group page permission	22	delete_grouppagepermission
83	Can view group page permission	22	view_grouppagepermission
84	Can add page view restriction	23	add_pageviewrestriction
85	Can change page view restriction	23	change_pageviewrestriction
86	Can delete page view restriction	23	delete_pageviewrestriction
87	Can view page view restriction	23	view_pageviewrestriction
88	Can add site	24	add_site
89	Can change site	24	change_site
90	Can delete site	24	delete_site
91	Can view site	24	view_site
92	Can add collection	25	add_collection
93	Can change collection	25	change_collection
94	Can delete collection	25	delete_collection
95	Can view collection	25	view_collection
96	Can add group collection permission	26	add_groupcollectionpermission
97	Can change group collection permission	26	change_groupcollectionpermission
98	Can delete group collection permission	26	delete_groupcollectionpermission
99	Can view group collection permission	26	view_groupcollectionpermission
100	Can add collection view restriction	27	add_collectionviewrestriction
101	Can change collection view restriction	27	change_collectionviewrestriction
102	Can delete collection view restriction	27	delete_collectionviewrestriction
103	Can view collection view restriction	27	view_collectionviewrestriction
104	Can add task	28	add_task
105	Can change task	28	change_task
106	Can delete task	28	delete_task
107	Can view task	28	view_task
108	Can add Task state	29	add_taskstate
109	Can change Task state	29	change_taskstate
110	Can delete Task state	29	delete_taskstate
111	Can view Task state	29	view_taskstate
112	Can add workflow	30	add_workflow
113	Can change workflow	30	change_workflow
114	Can delete workflow	30	delete_workflow
115	Can view workflow	30	view_workflow
116	Can add Group approval task	3	add_groupapprovaltask
117	Can change Group approval task	3	change_groupapprovaltask
118	Can delete Group approval task	3	delete_groupapprovaltask
119	Can view Group approval task	3	view_groupapprovaltask
120	Can add Workflow state	31	add_workflowstate
121	Can change Workflow state	31	change_workflowstate
122	Can delete Workflow state	31	delete_workflowstate
123	Can view Workflow state	31	view_workflowstate
124	Can add workflow page	32	add_workflowpage
125	Can change workflow page	32	change_workflowpage
126	Can delete workflow page	32	delete_workflowpage
127	Can view workflow page	32	view_workflowpage
128	Can add workflow task order	33	add_workflowtask
129	Can change workflow task order	33	change_workflowtask
130	Can delete workflow task order	33	delete_workflowtask
131	Can view workflow task order	33	view_workflowtask
132	Can add page log entry	34	add_pagelogentry
133	Can change page log entry	34	change_pagelogentry
134	Can delete page log entry	34	delete_pagelogentry
135	Can view page log entry	34	view_pagelogentry
136	Can add locale	35	add_locale
137	Can change locale	35	change_locale
138	Can delete locale	35	delete_locale
139	Can view locale	35	view_locale
140	Can add comment	36	add_comment
141	Can change comment	36	change_comment
142	Can delete comment	36	delete_comment
143	Can view comment	36	view_comment
144	Can add comment reply	37	add_commentreply
145	Can change comment reply	37	change_commentreply
146	Can delete comment reply	37	delete_commentreply
147	Can view comment reply	37	view_commentreply
148	Can add page subscription	38	add_pagesubscription
149	Can change page subscription	38	change_pagesubscription
150	Can delete page subscription	38	delete_pagesubscription
151	Can view page subscription	38	view_pagesubscription
152	Can add model log entry	39	add_modellogentry
153	Can change model log entry	39	change_modellogentry
154	Can delete model log entry	39	delete_modellogentry
155	Can view model log entry	39	view_modellogentry
156	Can add revision	40	add_revision
157	Can change revision	40	change_revision
158	Can delete revision	40	delete_revision
159	Can view revision	40	view_revision
160	Can add tag	41	add_tag
161	Can change tag	41	change_tag
162	Can delete tag	41	delete_tag
163	Can view tag	41	view_tag
164	Can add tagged item	42	add_taggeditem
165	Can change tagged item	42	change_taggeditem
166	Can delete tagged item	42	delete_taggeditem
167	Can view tagged item	42	view_taggeditem
168	Can add Category	43	add_blogcategory
169	Can change Category	43	change_blogcategory
170	Can delete Category	43	delete_blogcategory
171	Can view Category	43	view_blogcategory
172	Can add blog page	44	add_blogpage
173	Can change blog page	44	change_blogpage
174	Can delete blog page	44	delete_blogpage
175	Can view blog page	44	view_blogpage
176	Can add post page	45	add_postpage
177	Can change post page	45	change_postpage
178	Can delete post page	45	delete_postpage
179	Can view post page	45	view_postpage
180	Can add tag	46	add_tag
181	Can change tag	46	change_tag
182	Can delete tag	46	delete_tag
183	Can view tag	46	view_tag
184	Can add post page tag	47	add_postpagetag
185	Can change post page tag	47	change_postpagetag
186	Can delete post page tag	47	delete_postpagetag
187	Can view post page tag	47	view_postpagetag
188	Can add post page blog category	48	add_postpageblogcategory
189	Can change post page blog category	48	change_postpageblogcategory
190	Can delete post page blog category	48	delete_postpageblogcategory
191	Can view post page blog category	48	view_postpageblogcategory
\.


--
-- Data for Name: auth_user; Type: TABLE DATA; Schema: public; Owner: wagtail
--

COPY public.auth_user (id, password, last_login, is_superuser, username, first_name, last_name, email, is_staff, is_active, date_joined) FROM stdin;
1	bcrypt_sha256$$2b$12$.qi2eHuYkdqNmy6Ii4aJ..IERd0ga90baPr9ZvcZJEfBTqx9HHoJW	2022-08-29 13:06:04.959265+00	t	root			root@local.test	t	t	2022-08-29 13:03:53.588201+00
\.


--
-- Data for Name: auth_user_groups; Type: TABLE DATA; Schema: public; Owner: wagtail
--

COPY public.auth_user_groups (id, user_id, group_id) FROM stdin;
\.


--
-- Data for Name: auth_user_user_permissions; Type: TABLE DATA; Schema: public; Owner: wagtail
--

COPY public.auth_user_user_permissions (id, user_id, permission_id) FROM stdin;
\.


--
-- Data for Name: blog_blogcategory; Type: TABLE DATA; Schema: public; Owner: wagtail
--

COPY public.blog_blogcategory (id, name, slug) FROM stdin;
1	Programming	programming
\.


--
-- Data for Name: blog_blogpage; Type: TABLE DATA; Schema: public; Owner: wagtail
--

COPY public.blog_blogpage (page_ptr_id, description) FROM stdin;
3	
\.


--
-- Data for Name: blog_postpage; Type: TABLE DATA; Schema: public; Owner: wagtail
--

COPY public.blog_postpage (page_ptr_id, header_image_id, body) FROM stdin;
4	3	[{"id": "02be1e87-bdbc-432d-9f1e-b0806b86a258", "type": "h1", "value": "The zen of wagtail"}, {"id": "b172271d-1f36-42c1-a9dd-702b22a45300", "type": "paragraph", "value": "<p data-block-key=\\"bse8t\\">Wagtail has been born out of many years of experience building websites, learning approaches that work and ones that don&#x27;t, and striking a balance between power and simplicity, structure and flexibility. We hope you&#x27;ll find that Wagtail is in that sweet spot.</p>"}, {"id": "0f48d913-8456-48f6-8c92-61d758db37b3", "type": "image_carousel", "value": [{"id": "3e767e17-dcf5-4ce9-b3cb-20c936358706", "type": "item", "value": 4}, {"id": "e6f48b41-ca05-4496-ad2c-50f7e7cc186d", "type": "item", "value": 5}]}]
\.


--
-- Data for Name: blog_postpageblogcategory; Type: TABLE DATA; Schema: public; Owner: wagtail
--

COPY public.blog_postpageblogcategory (id, blog_category_id, page_id) FROM stdin;
1	1	4
\.


--
-- Data for Name: blog_postpagetag; Type: TABLE DATA; Schema: public; Owner: wagtail
--

COPY public.blog_postpagetag (id, content_object_id, tag_id) FROM stdin;
1	4	1
\.


--
-- Data for Name: django_admin_log; Type: TABLE DATA; Schema: public; Owner: wagtail
--

COPY public.django_admin_log (id, action_time, object_id, object_repr, action_flag, change_message, content_type_id, user_id) FROM stdin;
\.


--
-- Data for Name: django_content_type; Type: TABLE DATA; Schema: public; Owner: wagtail
--

COPY public.django_content_type (id, app_label, model) FROM stdin;
1	wagtailcore	page
2	wagtailimages	image
3	wagtailcore	groupapprovaltask
4	wagtailadmin	admin
5	wagtaildocs	document
6	auth	permission
7	auth	group
8	auth	user
9	contenttypes	contenttype
10	sessions	session
11	admin	logentry
12	wagtailforms	formsubmission
13	wagtailredirects	redirect
14	wagtailembeds	embed
15	wagtailusers	userprofile
16	wagtaildocs	uploadeddocument
17	wagtailimages	rendition
18	wagtailimages	uploadedimage
19	wagtailsearch	query
20	wagtailsearch	querydailyhits
21	wagtailsearch	indexentry
22	wagtailcore	grouppagepermission
23	wagtailcore	pageviewrestriction
24	wagtailcore	site
25	wagtailcore	collection
26	wagtailcore	groupcollectionpermission
27	wagtailcore	collectionviewrestriction
28	wagtailcore	task
29	wagtailcore	taskstate
30	wagtailcore	workflow
31	wagtailcore	workflowstate
32	wagtailcore	workflowpage
33	wagtailcore	workflowtask
34	wagtailcore	pagelogentry
35	wagtailcore	locale
36	wagtailcore	comment
37	wagtailcore	commentreply
38	wagtailcore	pagesubscription
39	wagtailcore	modellogentry
40	wagtailcore	revision
41	taggit	tag
42	taggit	taggeditem
43	blog	blogcategory
44	blog	blogpage
45	blog	postpage
46	blog	tag
47	blog	postpagetag
48	blog	postpageblogcategory
\.


--
-- Data for Name: django_migrations; Type: TABLE DATA; Schema: public; Owner: wagtail
--

COPY public.django_migrations (id, app, name, applied) FROM stdin;
1	contenttypes	0001_initial	2022-08-29 12:30:47.733338+00
2	auth	0001_initial	2022-08-29 12:30:47.763964+00
3	admin	0001_initial	2022-08-29 12:30:47.775639+00
4	admin	0002_logentry_remove_auto_add	2022-08-29 12:30:47.778415+00
5	admin	0003_logentry_add_action_flag_choices	2022-08-29 12:30:47.781438+00
6	contenttypes	0002_remove_content_type_name	2022-08-29 12:30:47.787143+00
7	auth	0002_alter_permission_name_max_length	2022-08-29 12:30:47.790094+00
8	auth	0003_alter_user_email_max_length	2022-08-29 12:30:47.792884+00
9	auth	0004_alter_user_username_opts	2022-08-29 12:30:47.795281+00
10	auth	0005_alter_user_last_login_null	2022-08-29 12:30:47.798392+00
11	auth	0006_require_contenttypes_0002	2022-08-29 12:30:47.799119+00
12	auth	0007_alter_validators_add_error_messages	2022-08-29 12:30:47.801596+00
13	auth	0008_alter_user_username_max_length	2022-08-29 12:30:47.805791+00
14	auth	0009_alter_user_last_name_max_length	2022-08-29 12:30:47.808748+00
15	auth	0010_alter_group_name_max_length	2022-08-29 12:30:47.812054+00
16	auth	0011_update_proxy_permissions	2022-08-29 12:30:47.814673+00
17	auth	0012_alter_user_first_name_max_length	2022-08-29 12:30:47.817293+00
18	wagtailcore	0001_initial	2022-08-29 12:30:47.912148+00
19	wagtailcore	0002_initial_data	2022-08-29 12:30:47.912826+00
20	wagtailcore	0003_add_uniqueness_constraint_on_group_page_permission	2022-08-29 12:30:47.913447+00
21	wagtailcore	0004_page_locked	2022-08-29 12:30:47.914007+00
22	wagtailcore	0005_add_page_lock_permission_to_moderators	2022-08-29 12:30:47.914572+00
23	wagtailcore	0006_add_lock_page_permission	2022-08-29 12:30:47.9151+00
24	wagtailcore	0007_page_latest_revision_created_at	2022-08-29 12:30:47.915626+00
25	wagtailcore	0008_populate_latest_revision_created_at	2022-08-29 12:30:47.916153+00
26	wagtailcore	0009_remove_auto_now_add_from_pagerevision_created_at	2022-08-29 12:30:47.916696+00
27	wagtailcore	0010_change_page_owner_to_null_on_delete	2022-08-29 12:30:47.917189+00
28	wagtailcore	0011_page_first_published_at	2022-08-29 12:30:47.917679+00
29	wagtailcore	0012_extend_page_slug_field	2022-08-29 12:30:47.91814+00
30	wagtailcore	0013_update_golive_expire_help_text	2022-08-29 12:30:47.918605+00
31	wagtailcore	0014_add_verbose_name	2022-08-29 12:30:47.919075+00
32	wagtailcore	0015_add_more_verbose_names	2022-08-29 12:30:47.919559+00
33	wagtailcore	0016_change_page_url_path_to_text_field	2022-08-29 12:30:47.920043+00
34	wagtailcore	0017_change_edit_page_permission_description	2022-08-29 12:30:47.923302+00
35	wagtailcore	0018_pagerevision_submitted_for_moderation_index	2022-08-29 12:30:47.928084+00
36	wagtailcore	0019_verbose_names_cleanup	2022-08-29 12:30:47.941722+00
37	wagtailcore	0020_add_index_on_page_first_published_at	2022-08-29 12:30:47.946455+00
38	wagtailcore	0021_capitalizeverbose	2022-08-29 12:30:48.025746+00
39	wagtailcore	0022_add_site_name	2022-08-29 12:30:48.02974+00
40	wagtailcore	0023_alter_page_revision_on_delete_behaviour	2022-08-29 12:30:48.03347+00
41	wagtailcore	0024_collection	2022-08-29 12:30:48.038779+00
42	wagtailcore	0025_collection_initial_data	2022-08-29 12:30:48.042967+00
43	wagtailcore	0026_group_collection_permission	2022-08-29 12:30:48.055909+00
44	taggit	0001_initial	2022-08-29 12:30:48.069934+00
45	wagtailimages	0001_initial	2022-08-29 12:30:48.111861+00
46	wagtailimages	0002_initial_data	2022-08-29 12:30:48.112489+00
47	wagtailimages	0003_fix_focal_point_fields	2022-08-29 12:30:48.114063+00
48	wagtailimages	0004_make_focal_point_key_not_nullable	2022-08-29 12:30:48.114619+00
49	wagtailimages	0005_make_filter_spec_unique	2022-08-29 12:30:48.11514+00
50	wagtailimages	0006_add_verbose_names	2022-08-29 12:30:48.115649+00
51	wagtailimages	0007_image_file_size	2022-08-29 12:30:48.116181+00
52	wagtailimages	0008_image_created_at_index	2022-08-29 12:30:48.11683+00
53	wagtailimages	0009_capitalizeverbose	2022-08-29 12:30:48.117385+00
54	wagtailimages	0010_change_on_delete_behaviour	2022-08-29 12:30:48.117896+00
55	wagtailimages	0011_image_collection	2022-08-29 12:30:48.11843+00
56	wagtailimages	0012_copy_image_permissions_to_collections	2022-08-29 12:30:48.118934+00
57	wagtailimages	0013_make_rendition_upload_callable	2022-08-29 12:30:48.119469+00
58	wagtailimages	0014_add_filter_spec_field	2022-08-29 12:30:48.119963+00
59	wagtailimages	0015_fill_filter_spec_field	2022-08-29 12:30:48.1204+00
60	wagtailimages	0016_deprecate_rendition_filter_relation	2022-08-29 12:30:48.12087+00
61	wagtailimages	0017_reduce_focal_point_key_max_length	2022-08-29 12:30:48.121343+00
62	wagtailimages	0018_remove_rendition_filter	2022-08-29 12:30:48.121787+00
63	wagtailimages	0019_delete_filter	2022-08-29 12:30:48.122236+00
64	wagtailimages	0020_add-verbose-name	2022-08-29 12:30:48.122708+00
65	wagtailimages	0021_image_file_hash	2022-08-29 12:30:48.123182+00
66	wagtailimages	0022_uploadedimage	2022-08-29 12:30:48.132351+00
67	wagtailimages	0023_add_choose_permissions	2022-08-29 12:30:48.148235+00
68	wagtailimages	0024_index_image_file_hash	2022-08-29 12:30:48.178825+00
69	wagtailcore	0027_fix_collection_path_collation	2022-08-29 12:30:48.188254+00
70	wagtailcore	0024_alter_page_content_type_on_delete_behaviour	2022-08-29 12:30:48.194097+00
71	wagtailcore	0028_merge	2022-08-29 12:30:48.194875+00
72	wagtailcore	0029_unicode_slugfield_dj19	2022-08-29 12:30:48.199905+00
73	wagtailcore	0030_index_on_pagerevision_created_at	2022-08-29 12:30:48.204878+00
74	wagtailcore	0031_add_page_view_restriction_types	2022-08-29 12:30:48.221709+00
75	wagtailcore	0032_add_bulk_delete_page_permission	2022-08-29 12:30:48.226541+00
76	wagtailcore	0033_remove_golive_expiry_help_text	2022-08-29 12:30:48.234558+00
77	wagtailcore	0034_page_live_revision	2022-08-29 12:30:48.242251+00
78	wagtailcore	0035_page_last_published_at	2022-08-29 12:30:48.246939+00
79	wagtailcore	0036_populate_page_last_published_at	2022-08-29 12:30:48.252363+00
80	wagtailcore	0037_set_page_owner_editable	2022-08-29 12:30:48.257958+00
81	wagtailcore	0038_make_first_published_at_editable	2022-08-29 12:30:48.262226+00
82	wagtailcore	0039_collectionviewrestriction	2022-08-29 12:30:48.282556+00
83	wagtailcore	0040_page_draft_title	2022-08-29 12:30:48.293092+00
84	wagtailcore	0041_group_collection_permissions_verbose_name_plural	2022-08-29 12:30:48.297514+00
85	wagtailcore	0042_index_on_pagerevision_approved_go_live_at	2022-08-29 12:30:48.302961+00
86	wagtailcore	0043_lock_fields	2022-08-29 12:30:48.315418+00
87	wagtailcore	0044_add_unlock_grouppagepermission	2022-08-29 12:30:48.319697+00
88	wagtailcore	0045_assign_unlock_grouppagepermission	2022-08-29 12:30:48.326788+00
89	wagtailcore	0046_site_name_remove_null	2022-08-29 12:30:48.331062+00
90	wagtailcore	0047_add_workflow_models	2022-08-29 12:30:48.448438+00
91	wagtailcore	0048_add_default_workflows	2022-08-29 12:30:48.470075+00
92	wagtailcore	0049_taskstate_finished_by	2022-08-29 12:30:48.480183+00
93	wagtailcore	0050_workflow_rejected_to_needs_changes	2022-08-29 12:30:48.496315+00
94	wagtailcore	0051_taskstate_comment	2022-08-29 12:30:48.503065+00
95	wagtailcore	0052_pagelogentry	2022-08-29 12:30:48.520283+00
96	wagtailcore	0053_locale_model	2022-08-29 12:30:48.524528+00
97	wagtailcore	0054_initial_locale	2022-08-29 12:30:48.533072+00
98	wagtailcore	0055_page_locale_fields	2022-08-29 12:30:48.554402+00
99	wagtailcore	0056_page_locale_fields_populate	2022-08-29 12:30:48.564177+00
100	wagtailcore	0057_page_locale_fields_notnull	2022-08-29 12:30:48.582241+00
101	wagtailcore	0058_page_alias_of	2022-08-29 12:30:48.592144+00
102	wagtailcore	0059_apply_collection_ordering	2022-08-29 12:30:48.600781+00
103	wagtailcore	0060_fix_workflow_unique_constraint	2022-08-29 12:30:48.613277+00
104	wagtailcore	0061_change_promote_tab_helpt_text_and_verbose_names	2022-08-29 12:30:48.624664+00
105	wagtailcore	0062_comment_models_and_pagesubscription	2022-08-29 12:30:48.700102+00
106	wagtailcore	0063_modellogentry	2022-08-29 12:30:48.718054+00
107	wagtailcore	0064_log_timestamp_indexes	2022-08-29 12:30:48.733882+00
108	wagtailcore	0065_log_entry_uuid	2022-08-29 12:30:48.747615+00
109	wagtailcore	0066_collection_management_permissions	2022-08-29 12:30:48.756896+00
110	wagtailcore	0067_alter_pagerevision_content_json	2022-08-29 12:30:48.775335+00
111	wagtailcore	0068_log_entry_empty_object	2022-08-29 12:30:48.785078+00
112	wagtailcore	0069_log_entry_jsonfield	2022-08-29 12:30:48.824482+00
113	wagtailcore	0070_rename_pagerevision_revision	2022-08-29 12:30:48.949635+00
114	wagtailcore	0071_populate_revision_content_type	2022-08-29 12:30:48.958447+00
115	wagtailcore	0072_alter_revision_content_type_notnull	2022-08-29 12:30:48.97939+00
116	wagtailcore	0073_page_latest_revision	2022-08-29 12:30:48.991373+00
117	wagtailcore	0074_revision_object_str	2022-08-29 12:30:48.997752+00
118	wagtailcore	0075_populate_latest_revision_and_revision_object_str	2022-08-29 12:30:49.014797+00
119	wagtailcore	0076_modellogentry_revision	2022-08-29 12:30:49.024865+00
120	taggit	0002_auto_20150616_2121	2022-08-29 12:30:49.030386+00
121	taggit	0003_taggeditem_add_unique_index	2022-08-29 12:30:49.035494+00
122	taggit	0004_alter_taggeditem_content_type_alter_taggeditem_tag	2022-08-29 12:30:49.051473+00
123	taggit	0005_auto_20220424_2025	2022-08-29 12:30:49.06016+00
124	blog	0001_initial	2022-08-29 12:30:49.154779+00
125	blog	0002_postpage_body	2022-08-29 12:30:49.16394+00
126	blog	0003_alter_postpage_body	2022-08-29 12:30:49.175841+00
127	sessions	0001_initial	2022-08-29 12:30:49.181872+00
128	wagtailadmin	0001_create_admin_access_permissions	2022-08-29 12:30:49.194393+00
129	wagtailadmin	0002_admin	2022-08-29 12:30:49.195924+00
130	wagtailadmin	0003_admin_managed	2022-08-29 12:30:49.198963+00
131	wagtaildocs	0001_initial	2022-08-29 12:30:49.213056+00
132	wagtaildocs	0002_initial_data	2022-08-29 12:30:49.227346+00
133	wagtaildocs	0003_add_verbose_names	2022-08-29 12:30:49.249982+00
134	wagtaildocs	0004_capitalizeverbose	2022-08-29 12:30:49.293222+00
135	wagtaildocs	0005_document_collection	2022-08-29 12:30:49.307795+00
136	wagtaildocs	0006_copy_document_permissions_to_collections	2022-08-29 12:30:49.319816+00
137	wagtaildocs	0005_alter_uploaded_by_user_on_delete_action	2022-08-29 12:30:49.330389+00
138	wagtaildocs	0007_merge	2022-08-29 12:30:49.331394+00
139	wagtaildocs	0008_document_file_size	2022-08-29 12:30:49.369298+00
140	wagtaildocs	0009_document_verbose_name_plural	2022-08-29 12:30:49.376663+00
141	wagtaildocs	0010_document_file_hash	2022-08-29 12:30:49.384794+00
142	wagtaildocs	0011_add_choose_permissions	2022-08-29 12:30:49.413064+00
143	wagtaildocs	0012_uploadeddocument	2022-08-29 12:30:49.425626+00
144	wagtailembeds	0001_initial	2022-08-29 12:30:49.431282+00
145	wagtailembeds	0002_add_verbose_names	2022-08-29 12:30:49.432889+00
146	wagtailembeds	0003_capitalizeverbose	2022-08-29 12:30:49.434492+00
147	wagtailembeds	0004_embed_verbose_name_plural	2022-08-29 12:30:49.43601+00
148	wagtailembeds	0005_specify_thumbnail_url_max_length	2022-08-29 12:30:49.438047+00
149	wagtailembeds	0006_add_embed_hash	2022-08-29 12:30:49.440619+00
150	wagtailembeds	0007_populate_hash	2022-08-29 12:30:49.451226+00
151	wagtailembeds	0008_allow_long_urls	2022-08-29 12:30:49.461594+00
152	wagtailembeds	0009_embed_cache_until	2022-08-29 12:30:49.46468+00
153	wagtailforms	0001_initial	2022-08-29 12:30:49.480091+00
154	wagtailforms	0002_add_verbose_names	2022-08-29 12:30:49.491327+00
155	wagtailforms	0003_capitalizeverbose	2022-08-29 12:30:49.502812+00
156	wagtailforms	0004_add_verbose_name_plural	2022-08-29 12:30:49.50878+00
157	wagtailforms	0005_alter_formsubmission_form_data	2022-08-29 12:30:49.519408+00
158	wagtailredirects	0001_initial	2022-08-29 12:30:49.540402+00
159	wagtailredirects	0002_add_verbose_names	2022-08-29 12:30:49.558936+00
160	wagtailredirects	0003_make_site_field_editable	2022-08-29 12:30:49.569889+00
161	wagtailredirects	0004_set_unique_on_path_and_site	2022-08-29 12:30:49.587781+00
162	wagtailredirects	0005_capitalizeverbose	2022-08-29 12:30:49.673664+00
163	wagtailredirects	0006_redirect_increase_max_length	2022-08-29 12:30:49.682307+00
164	wagtailredirects	0007_add_autocreate_fields	2022-08-29 12:30:49.700637+00
165	wagtailredirects	0008_add_verbose_name_plural	2022-08-29 12:30:49.706544+00
166	wagtailsearch	0001_initial	2022-08-29 12:30:49.747756+00
167	wagtailsearch	0002_add_verbose_names	2022-08-29 12:30:49.771616+00
168	wagtailsearch	0003_remove_editors_pick	2022-08-29 12:30:49.782963+00
169	wagtailsearch	0004_querydailyhits_verbose_name_plural	2022-08-29 12:30:49.785047+00
170	wagtailsearch	0005_create_indexentry	2022-08-29 12:30:49.803495+00
171	wagtailsearch	0006_customise_indexentry	2022-08-29 12:30:49.859664+00
172	wagtailusers	0001_initial	2022-08-29 12:30:49.874342+00
173	wagtailusers	0002_add_verbose_name_on_userprofile	2022-08-29 12:30:49.892797+00
174	wagtailusers	0003_add_verbose_names	2022-08-29 12:30:49.898899+00
175	wagtailusers	0004_capitalizeverbose	2022-08-29 12:30:49.921365+00
176	wagtailusers	0005_make_related_name_wagtail_specific	2022-08-29 12:30:49.932015+00
177	wagtailusers	0006_userprofile_prefered_language	2022-08-29 12:30:49.939291+00
178	wagtailusers	0007_userprofile_current_time_zone	2022-08-29 12:30:49.946822+00
179	wagtailusers	0008_userprofile_avatar	2022-08-29 12:30:49.95411+00
180	wagtailusers	0009_userprofile_verbose_name_plural	2022-08-29 12:30:49.960307+00
181	wagtailusers	0010_userprofile_updated_comments_notifications	2022-08-29 12:30:49.967314+00
182	wagtailimages	0001_squashed_0021	2022-08-29 12:30:49.969451+00
183	wagtailcore	0001_squashed_0016_change_page_url_path_to_text_field	2022-08-29 12:30:49.970087+00
\.


--
-- Data for Name: django_session; Type: TABLE DATA; Schema: public; Owner: wagtail
--

COPY public.django_session (session_key, session_data, expire_date) FROM stdin;
rb67fwr649fs4ald2qmlryzn3ubec1n5	.eJylVV1vozgU_S-RkheGyMaAYaQ8pM20k06TdtpMO9vVKDL2JbglmIIpzaz2v68hYdtk29FKk4fI95z7je_1X70lq3SyrEoollL0PvZw78NrLGL8AbKGEPcsW6khV5kuZDRsVIY7thzOlID0aKe75yBhZWKsictCcEmMKHU5JjwOGBPcIzEVrue5PKAN73iIOYbGKGSeG2DqBXHshDwMGqcllKVU2RKec1lseh_Rh17NVprJ1M4LeJJQ207v4589XhbxWgqRQs0K0MokNdLEO_JZQlZ-uqbi0Y8u0WX5fZ5U6Ob05uG4WudjHAVO_TVhk2waP7B6drK4nurnfE30jX8xyOBZjwZa6hRGt5BytQZLK2ujqsLKoLZut5lYpdTQd_CgTKvVKDFagxLUcmtnjqzgyVJAyQuZa1PMaLBSy1Q-wZIZ921l7bH3Afs-pgEiJBy6IQl978d_yyXvlXtEr6-d8v5S0M10cnp6dyocPYGTz3NZXZzdl3mlM0kfXTmX2d0iehIn3y7u3XC8-Pr5Jkq-3Z7tyjVVriHTy0xpGUvOmozLkcp2fThK1eqSrWCwV1BbeWSovKF-q3rsYjoMKcFB6L5Rvvte-ZvjRyrw3fnZz4sxOit-1vVJOj8_Uk9Vuj7VzlXxx82zvPsC918mVytYzZ9EEcFpPd4sZmfg1tH_K_9SlbopHw8SYKIZoLWRRmRgNGGlCgmlvbhYjM-XJxdXs-sRfk1M59PF9G1qNp0v599mOwrtUePvryiM0B6L7Kbtyx2y2feKbClG-8Dk0_mnxSdzq9mqHE3a-R5ESmxsrqpMm0JaAdlmtkGDsd7JqjDVmsR2ot7kMEpwJ5owyIkAQ0DtSETcdokj7DDGYEcoQH4U-Mzxgk79iaUVjBYJWD8hs1Rs7b7ylscHwfEuOO7ENnjOCrYqWJ50qMkhwtRxKBY2jolvu2at2CwUwqYmOcdhrkcQ6tS3OfTpUR9N-mhsmV_fcUwz-UNpDn0ytvreK7JVoAfAzuoBNp2JcVFCoBvROX5Tucn-RbvKSr1JQfzCQECuk50Feterub0vXrvNZDaxFYHpcaQK0-hKN81es2xjbcxglo1kJhDM3cg4WFElUyGzlVVD1Ow004djKzWKWQOyPC8U4wmUlk6YtmpVPFgsE5bKOkiorO9Q3Zg1RGlejYfW1IpYytoQoOsmn1zVUGyV5DpPJZd605gZk4rrqoCWi1N4lpFMDTm0bsFKVA7N-jVB0tSKpVFp43blytKS2RYqTRjznys9_EVrZZbKDK6bL3BlRgFef3lv8p6V2Q8mo7cMDm7LK-DQ3b9uZizvfJjb1ZmYw_aiOgfD4OyGwenEdhjaLWSWQKHMA5x2VDOVsRuIEBM7cD0zEUHs2wEPHdvHwjy0IiI0Ip16OxG7PeDsg4f74AXf2wsvcJvVIWjyIUB9Cpjagsee7XII7YjwyHYQD4lPvIAi_9BsO6nuPny4JF7wvWXxAr-RUbszwDctilxsc4ZMRm7o20w43PZQTIFyjgNfHJptM_K2z15unoS8fRJ-890jaIgIpi4hP_7-BwZFGUI:1oSfGI:KXg-wpCFsETaR3iIfdOlnriN3AgCWhJlP_v_lHfeaQM	2022-09-12 13:57:10.032014+00
\.


--
-- Data for Name: taggit_tag; Type: TABLE DATA; Schema: public; Owner: wagtail
--

COPY public.taggit_tag (id, name, slug) FROM stdin;
1	Django	django
\.


--
-- Data for Name: taggit_taggeditem; Type: TABLE DATA; Schema: public; Owner: wagtail
--

COPY public.taggit_taggeditem (id, object_id, content_type_id, tag_id) FROM stdin;
\.


--
-- Data for Name: wagtailadmin_admin; Type: TABLE DATA; Schema: public; Owner: wagtail
--

COPY public.wagtailadmin_admin (id) FROM stdin;
\.


--
-- Data for Name: wagtailcore_collection; Type: TABLE DATA; Schema: public; Owner: wagtail
--

COPY public.wagtailcore_collection (id, path, depth, numchild, name) FROM stdin;
1	0001	1	0	Root
\.


--
-- Data for Name: wagtailcore_collectionviewrestriction; Type: TABLE DATA; Schema: public; Owner: wagtail
--

COPY public.wagtailcore_collectionviewrestriction (id, restriction_type, password, collection_id) FROM stdin;
\.


--
-- Data for Name: wagtailcore_collectionviewrestriction_groups; Type: TABLE DATA; Schema: public; Owner: wagtail
--

COPY public.wagtailcore_collectionviewrestriction_groups (id, collectionviewrestriction_id, group_id) FROM stdin;
\.


--
-- Data for Name: wagtailcore_comment; Type: TABLE DATA; Schema: public; Owner: wagtail
--

COPY public.wagtailcore_comment (id, text, contentpath, "position", created_at, updated_at, resolved_at, page_id, resolved_by_id, revision_created_id, user_id) FROM stdin;
\.


--
-- Data for Name: wagtailcore_commentreply; Type: TABLE DATA; Schema: public; Owner: wagtail
--

COPY public.wagtailcore_commentreply (id, text, created_at, updated_at, comment_id, user_id) FROM stdin;
\.


--
-- Data for Name: wagtailcore_groupapprovaltask; Type: TABLE DATA; Schema: public; Owner: wagtail
--

COPY public.wagtailcore_groupapprovaltask (task_ptr_id) FROM stdin;
1
\.


--
-- Data for Name: wagtailcore_groupapprovaltask_groups; Type: TABLE DATA; Schema: public; Owner: wagtail
--

COPY public.wagtailcore_groupapprovaltask_groups (id, groupapprovaltask_id, group_id) FROM stdin;
1	1	1
\.


--
-- Data for Name: wagtailcore_groupcollectionpermission; Type: TABLE DATA; Schema: public; Owner: wagtail
--

COPY public.wagtailcore_groupcollectionpermission (id, collection_id, group_id, permission_id) FROM stdin;
1	1	1	1
2	1	2	1
3	1	1	2
4	1	2	2
5	1	1	6
6	1	2	6
7	1	1	7
8	1	2	7
9	1	1	9
10	1	2	9
\.


--
-- Data for Name: wagtailcore_grouppagepermission; Type: TABLE DATA; Schema: public; Owner: wagtail
--

COPY public.wagtailcore_grouppagepermission (id, permission_type, group_id, page_id) FROM stdin;
1	add	1	1
2	edit	1	1
3	publish	1	1
4	add	2	1
5	edit	2	1
6	lock	1	1
7	unlock	1	1
\.


--
-- Data for Name: wagtailcore_locale; Type: TABLE DATA; Schema: public; Owner: wagtail
--

COPY public.wagtailcore_locale (id, language_code) FROM stdin;
1	en
\.


--
-- Data for Name: wagtailcore_modellogentry; Type: TABLE DATA; Schema: public; Owner: wagtail
--

COPY public.wagtailcore_modellogentry (id, label, action, data, "timestamp", content_changed, deleted, object_id, content_type_id, user_id, uuid, revision_id) FROM stdin;
1	POC Wagtail and Nextjs [default]	wagtail.edit	{}	2022-08-29 13:07:31.965641+00	t	f	1	24	1	efa73f61-f43a-499d-8f04-47a5e3e1cc37	\N
2	POC Wagtail and Nextjs [default]	wagtail.edit	{}	2022-08-29 13:39:18.530506+00	t	f	1	24	1	796f0e92-e2f6-4b40-8daa-e231173549f0	\N
3	Programming	wagtail.create	{}	2022-08-29 13:47:10.460022+00	t	f	1	43	1	72fb1d3d-7b0f-4975-afc7-675540770630	\N
4	Django	wagtail.create	{}	2022-08-29 13:47:25.220071+00	t	f	1	46	1	2927eae8-3d94-4711-8919-fa340cd6b836	\N
\.


--
-- Data for Name: wagtailcore_page; Type: TABLE DATA; Schema: public; Owner: wagtail
--

COPY public.wagtailcore_page (id, path, depth, numchild, title, slug, live, has_unpublished_changes, url_path, seo_title, show_in_menus, search_description, go_live_at, expire_at, expired, content_type_id, owner_id, locked, latest_revision_created_at, first_published_at, live_revision_id, last_published_at, draft_title, locked_at, locked_by_id, translation_key, locale_id, alias_of_id, latest_revision_id) FROM stdin;
3	00010002	2	1	BlogPage	blogpage	t	f	/blogpage/		f		\N	\N	f	44	1	f	2022-08-29 13:56:46.692477+00	2022-08-29 13:56:46.704715+00	6	2022-08-29 13:56:46.704715+00	BlogPage	\N	\N	915d0eb4-6ab5-43ff-aeb3-c663ed2a99e4	1	\N	6
4	000100020001	3	0	PostPage1	postpage1	t	f	/blogpage/postpage1/		f		\N	\N	f	45	1	f	2022-08-29 13:57:12.605335+00	2022-08-29 13:57:12.625105+00	7	2022-08-29 13:57:12.625105+00	PostPage1	\N	\N	c818788c-d300-4b16-a2ff-d294b9d4c62d	1	\N	7
1	0001	1	1	Root	root	t	f	/		f		\N	\N	f	1	\N	f	\N	\N	\N	\N	Root	\N	\N	a5180560-d540-4d3e-9bea-8935cdee1ee2	1	\N	\N
\.


--
-- Data for Name: wagtailcore_pagelogentry; Type: TABLE DATA; Schema: public; Owner: wagtail
--

COPY public.wagtailcore_pagelogentry (id, label, action, data, "timestamp", content_changed, deleted, content_type_id, page_id, revision_id, user_id, uuid) FROM stdin;
1	BlogPage	wagtail.create	{}	2022-08-29 13:38:35.383052+00	t	f	44	3	\N	1	b76bf095-fd37-4176-ab22-de7b95c43d25
2	PostPage1	wagtail.create	{}	2022-08-29 13:43:13.253349+00	t	f	45	4	\N	1	1829389b-7ccf-45cb-ba97-e4720c3ceed7
3	PostPage1	wagtail.edit	{}	2022-08-29 13:46:56.59082+00	t	f	45	4	3	1	cd2f4dc5-b036-49b4-b393-73db84ba8d92
4	PostPage1	wagtail.edit	{}	2022-08-29 13:47:43.615684+00	t	f	45	4	4	1	92ed7101-2046-4889-a220-10c19228a582
5	PostPage1	wagtail.edit	{}	2022-08-29 13:53:10.546812+00	t	f	45	4	5	1	0fb00f69-9b55-4f0f-92b7-8d031e7d624a
6	BlogPage	wagtail.edit	{}	2022-08-29 13:56:46.700481+00	t	f	44	3	6	1	3a858bc5-06e6-4484-9213-9c00d8da6aab
7	BlogPage	wagtail.publish	{}	2022-08-29 13:56:46.71571+00	f	f	44	3	6	1	3a858bc5-06e6-4484-9213-9c00d8da6aab
8	PostPage1	wagtail.edit	{}	2022-08-29 13:57:12.617511+00	t	f	45	4	7	1	9dd679e0-4b2b-42d6-9533-8d2a3f5657eb
9	PostPage1	wagtail.publish	{}	2022-08-29 13:57:12.641482+00	t	f	45	4	7	1	9dd679e0-4b2b-42d6-9533-8d2a3f5657eb
10	Welcome to your new Wagtail site!	wagtail.delete	{}	2022-08-29 14:43:13.73489+00	f	t	1	2	\N	1	51b2256d-2c52-48fb-8433-407bd9767cde
\.


--
-- Data for Name: wagtailcore_pagesubscription; Type: TABLE DATA; Schema: public; Owner: wagtail
--

COPY public.wagtailcore_pagesubscription (id, comment_notifications, page_id, user_id) FROM stdin;
1	t	3	1
2	t	4	1
\.


--
-- Data for Name: wagtailcore_pageviewrestriction; Type: TABLE DATA; Schema: public; Owner: wagtail
--

COPY public.wagtailcore_pageviewrestriction (id, password, page_id, restriction_type) FROM stdin;
\.


--
-- Data for Name: wagtailcore_pageviewrestriction_groups; Type: TABLE DATA; Schema: public; Owner: wagtail
--

COPY public.wagtailcore_pageviewrestriction_groups (id, pageviewrestriction_id, group_id) FROM stdin;
\.


--
-- Data for Name: wagtailcore_revision; Type: TABLE DATA; Schema: public; Owner: wagtail
--

COPY public.wagtailcore_revision (id, submitted_for_moderation, created_at, content, approved_go_live_at, object_id, user_id, content_type_id, base_content_type_id, object_str) FROM stdin;
1	f	2022-08-29 13:38:35.390713+00	{"pk": 3, "live": false, "path": "00010002", "slug": "blogpage", "depth": 2, "owner": 1, "title": "BlogPage", "locale": 1, "locked": false, "expired": false, "alias_of": null, "numchild": 0, "url_path": "/blogpage/", "expire_at": null, "locked_at": null, "locked_by": null, "seo_title": "", "go_live_at": null, "description": "", "draft_title": "BlogPage", "content_type": 44, "live_revision": null, "show_in_menus": false, "latest_revision": null, "translation_key": "915d0eb4-6ab5-43ff-aeb3-c663ed2a99e4", "last_published_at": null, "first_published_at": null, "search_description": "", "wagtail_admin_comments": [], "has_unpublished_changes": false, "latest_revision_created_at": null}	\N	3	1	44	1	BlogPage
6	f	2022-08-29 13:56:46.692477+00	{"pk": 3, "live": false, "path": "00010002", "slug": "blogpage", "depth": 2, "owner": 1, "title": "BlogPage", "locale": 1, "locked": false, "expired": false, "alias_of": null, "numchild": 1, "url_path": "/blogpage/", "expire_at": null, "locked_at": null, "locked_by": null, "seo_title": "", "go_live_at": null, "description": "", "draft_title": "BlogPage", "content_type": 44, "live_revision": null, "show_in_menus": false, "latest_revision": 1, "translation_key": "915d0eb4-6ab5-43ff-aeb3-c663ed2a99e4", "last_published_at": null, "first_published_at": null, "search_description": "", "wagtail_admin_comments": [], "has_unpublished_changes": true, "latest_revision_created_at": "2022-08-29T13:38:35.390Z"}	\N	3	1	44	1	BlogPage
2	f	2022-08-29 13:43:13.260984+00	{"pk": 4, "body": "[]", "live": false, "path": "000100020001", "slug": "postpage1", "depth": 3, "owner": 1, "title": "PostPage1", "locale": 1, "locked": false, "expired": false, "alias_of": null, "numchild": 0, "url_path": "/blogpage/postpage1/", "expire_at": null, "locked_at": null, "locked_by": null, "post_tags": [], "seo_title": "", "categories": [], "go_live_at": null, "draft_title": "PostPage1", "content_type": 45, "header_image": 1, "live_revision": null, "show_in_menus": false, "latest_revision": null, "translation_key": "c818788c-d300-4b16-a2ff-d294b9d4c62d", "last_published_at": null, "first_published_at": null, "search_description": "", "wagtail_admin_comments": [], "has_unpublished_changes": false, "latest_revision_created_at": null}	\N	4	1	45	1	PostPage1
3	f	2022-08-29 13:46:56.583319+00	{"pk": 4, "body": "[]", "live": false, "path": "000100020001", "slug": "postpage1", "depth": 3, "owner": 1, "title": "PostPage1", "locale": 1, "locked": false, "expired": false, "alias_of": null, "numchild": 0, "url_path": "/blogpage/postpage1/", "expire_at": null, "locked_at": null, "locked_by": null, "post_tags": [], "seo_title": "", "categories": [], "go_live_at": null, "draft_title": "PostPage1", "content_type": 45, "header_image": 3, "live_revision": null, "show_in_menus": false, "latest_revision": 2, "translation_key": "c818788c-d300-4b16-a2ff-d294b9d4c62d", "last_published_at": null, "first_published_at": null, "search_description": "", "wagtail_admin_comments": [], "has_unpublished_changes": true, "latest_revision_created_at": "2022-08-29T13:43:13.260Z"}	\N	4	1	45	1	PostPage1
4	f	2022-08-29 13:47:43.604974+00	{"pk": 4, "body": "[]", "live": false, "path": "000100020001", "slug": "postpage1", "depth": 3, "owner": 1, "title": "PostPage1", "locale": 1, "locked": false, "expired": false, "alias_of": null, "numchild": 0, "url_path": "/blogpage/postpage1/", "expire_at": null, "locked_at": null, "locked_by": null, "post_tags": [{"pk": null, "tag": 1, "content_object": 4}], "seo_title": "", "categories": [{"pk": null, "page": 4, "blog_category": 1}], "go_live_at": null, "draft_title": "PostPage1", "content_type": 45, "header_image": 3, "live_revision": null, "show_in_menus": false, "latest_revision": 3, "translation_key": "c818788c-d300-4b16-a2ff-d294b9d4c62d", "last_published_at": null, "first_published_at": null, "search_description": "", "wagtail_admin_comments": [], "has_unpublished_changes": true, "latest_revision_created_at": "2022-08-29T13:46:56.583Z"}	\N	4	1	45	1	PostPage1
5	f	2022-08-29 13:53:10.539455+00	{"pk": 4, "body": "[{\\"type\\": \\"h1\\", \\"value\\": \\"The zen of wagtail\\", \\"id\\": \\"02be1e87-bdbc-432d-9f1e-b0806b86a258\\"}, {\\"type\\": \\"paragraph\\", \\"value\\": \\"<p data-block-key=\\\\\\"bse8t\\\\\\">Wagtail has been born out of many years of experience building websites, learning approaches that work and ones that don&#x27;t, and striking a balance between power and simplicity, structure and flexibility. We hope you&#x27;ll find that Wagtail is in that sweet spot.</p>\\", \\"id\\": \\"b172271d-1f36-42c1-a9dd-702b22a45300\\"}, {\\"type\\": \\"image_carousel\\", \\"value\\": [{\\"type\\": \\"item\\", \\"value\\": 4, \\"id\\": \\"3e767e17-dcf5-4ce9-b3cb-20c936358706\\"}, {\\"type\\": \\"item\\", \\"value\\": 5, \\"id\\": \\"e6f48b41-ca05-4496-ad2c-50f7e7cc186d\\"}], \\"id\\": \\"0f48d913-8456-48f6-8c92-61d758db37b3\\"}]", "live": false, "path": "000100020001", "slug": "postpage1", "depth": 3, "owner": 1, "title": "PostPage1", "locale": 1, "locked": false, "expired": false, "alias_of": null, "numchild": 0, "url_path": "/blogpage/postpage1/", "expire_at": null, "locked_at": null, "locked_by": null, "post_tags": [{"pk": null, "tag": 1, "content_object": 4}], "seo_title": "", "categories": [{"pk": null, "page": 4, "blog_category": 1}], "go_live_at": null, "draft_title": "PostPage1", "content_type": 45, "header_image": 3, "live_revision": null, "show_in_menus": false, "latest_revision": 4, "translation_key": "c818788c-d300-4b16-a2ff-d294b9d4c62d", "last_published_at": null, "first_published_at": null, "search_description": "", "wagtail_admin_comments": [], "has_unpublished_changes": true, "latest_revision_created_at": "2022-08-29T13:47:43.604Z"}	\N	4	1	45	1	PostPage1
7	f	2022-08-29 13:57:12.605335+00	{"pk": 4, "body": "[{\\"type\\": \\"h1\\", \\"value\\": \\"The zen of wagtail\\", \\"id\\": \\"02be1e87-bdbc-432d-9f1e-b0806b86a258\\"}, {\\"type\\": \\"paragraph\\", \\"value\\": \\"<p data-block-key=\\\\\\"bse8t\\\\\\">Wagtail has been born out of many years of experience building websites, learning approaches that work and ones that don&#x27;t, and striking a balance between power and simplicity, structure and flexibility. We hope you&#x27;ll find that Wagtail is in that sweet spot.</p>\\", \\"id\\": \\"b172271d-1f36-42c1-a9dd-702b22a45300\\"}, {\\"type\\": \\"image_carousel\\", \\"value\\": [{\\"type\\": \\"item\\", \\"value\\": 4, \\"id\\": \\"3e767e17-dcf5-4ce9-b3cb-20c936358706\\"}, {\\"type\\": \\"item\\", \\"value\\": 5, \\"id\\": \\"e6f48b41-ca05-4496-ad2c-50f7e7cc186d\\"}], \\"id\\": \\"0f48d913-8456-48f6-8c92-61d758db37b3\\"}]", "live": false, "path": "000100020001", "slug": "postpage1", "depth": 3, "owner": 1, "title": "PostPage1", "locale": 1, "locked": false, "expired": false, "alias_of": null, "numchild": 0, "url_path": "/blogpage/postpage1/", "expire_at": null, "locked_at": null, "locked_by": null, "post_tags": [{"pk": null, "tag": 1, "content_object": 4}], "seo_title": "", "categories": [{"pk": null, "page": 4, "blog_category": 1}], "go_live_at": null, "draft_title": "PostPage1", "content_type": 45, "header_image": 3, "live_revision": null, "show_in_menus": false, "latest_revision": 5, "translation_key": "c818788c-d300-4b16-a2ff-d294b9d4c62d", "last_published_at": null, "first_published_at": null, "search_description": "", "wagtail_admin_comments": [], "has_unpublished_changes": true, "latest_revision_created_at": "2022-08-29T13:53:10.539Z"}	\N	4	1	45	1	PostPage1
\.


--
-- Data for Name: wagtailcore_site; Type: TABLE DATA; Schema: public; Owner: wagtail
--

COPY public.wagtailcore_site (id, hostname, port, is_default_site, root_page_id, site_name) FROM stdin;
1	api.local.test	80	t	3	POC Wagtail and Nextjs
\.


--
-- Data for Name: wagtailcore_task; Type: TABLE DATA; Schema: public; Owner: wagtail
--

COPY public.wagtailcore_task (id, name, active, content_type_id) FROM stdin;
1	Moderators approval	t	3
\.


--
-- Data for Name: wagtailcore_taskstate; Type: TABLE DATA; Schema: public; Owner: wagtail
--

COPY public.wagtailcore_taskstate (id, status, started_at, finished_at, content_type_id, page_revision_id, task_id, workflow_state_id, finished_by_id, comment) FROM stdin;
\.


--
-- Data for Name: wagtailcore_workflow; Type: TABLE DATA; Schema: public; Owner: wagtail
--

COPY public.wagtailcore_workflow (id, name, active) FROM stdin;
1	Moderators approval	t
\.


--
-- Data for Name: wagtailcore_workflowpage; Type: TABLE DATA; Schema: public; Owner: wagtail
--

COPY public.wagtailcore_workflowpage (page_id, workflow_id) FROM stdin;
1	1
\.


--
-- Data for Name: wagtailcore_workflowstate; Type: TABLE DATA; Schema: public; Owner: wagtail
--

COPY public.wagtailcore_workflowstate (id, status, created_at, current_task_state_id, page_id, requested_by_id, workflow_id) FROM stdin;
\.


--
-- Data for Name: wagtailcore_workflowtask; Type: TABLE DATA; Schema: public; Owner: wagtail
--

COPY public.wagtailcore_workflowtask (id, sort_order, task_id, workflow_id) FROM stdin;
1	0	1	1
\.


--
-- Data for Name: wagtaildocs_document; Type: TABLE DATA; Schema: public; Owner: wagtail
--

COPY public.wagtaildocs_document (id, title, file, created_at, uploaded_by_user_id, collection_id, file_size, file_hash) FROM stdin;
\.


--
-- Data for Name: wagtaildocs_uploadeddocument; Type: TABLE DATA; Schema: public; Owner: wagtail
--

COPY public.wagtaildocs_uploadeddocument (id, file, uploaded_by_user_id) FROM stdin;
\.


--
-- Data for Name: wagtailembeds_embed; Type: TABLE DATA; Schema: public; Owner: wagtail
--

COPY public.wagtailembeds_embed (id, url, max_width, type, html, title, author_name, provider_name, thumbnail_url, width, height, last_updated, hash, cache_until) FROM stdin;
\.


--
-- Data for Name: wagtailforms_formsubmission; Type: TABLE DATA; Schema: public; Owner: wagtail
--

COPY public.wagtailforms_formsubmission (id, form_data, submit_time, page_id) FROM stdin;
\.


--
-- Data for Name: wagtailimages_image; Type: TABLE DATA; Schema: public; Owner: wagtail
--

COPY public.wagtailimages_image (id, title, file, width, height, created_at, focal_point_x, focal_point_y, focal_point_width, focal_point_height, uploaded_by_user_id, file_size, collection_id, file_hash) FROM stdin;
3	Post Office	original_images/post-1.jpg	2872	1920	2022-08-29 13:46:42.859276+00	\N	\N	\N	\N	1	554740	1	b19c94e913343b747da5d839274411ed4349b4b4
4	Wagtail 1	original_images/image1.jpeg	1280	853	2022-08-29 13:52:44.707055+00	\N	\N	\N	\N	1	128761	1	d91f45c63eaaa91dcbf09f8facccfe83ad0b3080
5	Wagtail 2	original_images/image2.jpeg	1280	854	2022-08-29 13:53:08.393756+00	\N	\N	\N	\N	1	183079	1	59ba4b20188f40254ab910a8597a6cf70ed4dfe7
\.


--
-- Data for Name: wagtailimages_rendition; Type: TABLE DATA; Schema: public; Owner: wagtail
--

COPY public.wagtailimages_rendition (id, file, width, height, focal_point_key, filter_spec, image_id) FROM stdin;
4	images/post-1.max-165x165.jpg	165	110		max-165x165	3
5	images/post-1.max-1000x800.jpg	1000	668		max-1000x800	3
6	images/image1.max-165x165.jpg	165	109		max-165x165	4
7	images/image2.max-165x165.jpg	165	110		max-165x165	5
8	images/image1.original.jpg	1280	853		original	4
9	images/image2.original.jpg	1280	854		original	5
\.


--
-- Data for Name: wagtailimages_uploadedimage; Type: TABLE DATA; Schema: public; Owner: wagtail
--

COPY public.wagtailimages_uploadedimage (id, file, uploaded_by_user_id) FROM stdin;
\.


--
-- Data for Name: wagtailredirects_redirect; Type: TABLE DATA; Schema: public; Owner: wagtail
--

COPY public.wagtailredirects_redirect (id, old_path, is_permanent, redirect_link, redirect_page_id, site_id, automatically_created, created_at, redirect_page_route_path) FROM stdin;
\.


--
-- Data for Name: wagtailsearch_editorspick; Type: TABLE DATA; Schema: public; Owner: wagtail
--

COPY public.wagtailsearch_editorspick (id, sort_order, description, page_id, query_id) FROM stdin;
\.


--
-- Data for Name: wagtailsearch_indexentry; Type: TABLE DATA; Schema: public; Owner: wagtail
--

COPY public.wagtailsearch_indexentry (id, object_id, title_norm, content_type_id, autocomplete, title, body) FROM stdin;
9	3	0.6666666666666666	2	'office':2 'post':1	'offic':2A 'post':1A	
13	4	0.75	2	'1':2 'wagtail':1	'1':2A 'wagtail':1A	
15	5	0.8	2	'2':2 'wagtail':1	'2':2A 'wagtail':1A	
1	3	1.6	44	'blogpage':1	'blogpag':1B	
5	4	1.6	45	'postpage1':1	'postpage1':1B	
22	1	1.5	1	'root':1	'root':1B	
\.


--
-- Data for Name: wagtailsearch_query; Type: TABLE DATA; Schema: public; Owner: wagtail
--

COPY public.wagtailsearch_query (id, query_string) FROM stdin;
\.


--
-- Data for Name: wagtailsearch_querydailyhits; Type: TABLE DATA; Schema: public; Owner: wagtail
--

COPY public.wagtailsearch_querydailyhits (id, date, hits, query_id) FROM stdin;
\.


--
-- Data for Name: wagtailusers_userprofile; Type: TABLE DATA; Schema: public; Owner: wagtail
--

COPY public.wagtailusers_userprofile (id, submitted_notifications, approved_notifications, rejected_notifications, user_id, preferred_language, current_time_zone, avatar, updated_comments_notifications) FROM stdin;
\.


--
-- Name: auth_group_id_seq; Type: SEQUENCE SET; Schema: public; Owner: wagtail
--

SELECT pg_catalog.setval('public.auth_group_id_seq', 2, true);


--
-- Name: auth_group_permissions_id_seq; Type: SEQUENCE SET; Schema: public; Owner: wagtail
--

SELECT pg_catalog.setval('public.auth_group_permissions_id_seq', 16, true);


--
-- Name: auth_permission_id_seq; Type: SEQUENCE SET; Schema: public; Owner: wagtail
--

SELECT pg_catalog.setval('public.auth_permission_id_seq', 191, true);


--
-- Name: auth_user_groups_id_seq; Type: SEQUENCE SET; Schema: public; Owner: wagtail
--

SELECT pg_catalog.setval('public.auth_user_groups_id_seq', 1, false);


--
-- Name: auth_user_id_seq; Type: SEQUENCE SET; Schema: public; Owner: wagtail
--

SELECT pg_catalog.setval('public.auth_user_id_seq', 1, true);


--
-- Name: auth_user_user_permissions_id_seq; Type: SEQUENCE SET; Schema: public; Owner: wagtail
--

SELECT pg_catalog.setval('public.auth_user_user_permissions_id_seq', 1, false);


--
-- Name: blog_blogcategory_id_seq; Type: SEQUENCE SET; Schema: public; Owner: wagtail
--

SELECT pg_catalog.setval('public.blog_blogcategory_id_seq', 1, true);


--
-- Name: blog_postpageblogcategory_id_seq; Type: SEQUENCE SET; Schema: public; Owner: wagtail
--

SELECT pg_catalog.setval('public.blog_postpageblogcategory_id_seq', 1, true);


--
-- Name: blog_postpagetag_id_seq; Type: SEQUENCE SET; Schema: public; Owner: wagtail
--

SELECT pg_catalog.setval('public.blog_postpagetag_id_seq', 1, true);


--
-- Name: django_admin_log_id_seq; Type: SEQUENCE SET; Schema: public; Owner: wagtail
--

SELECT pg_catalog.setval('public.django_admin_log_id_seq', 1, false);


--
-- Name: django_content_type_id_seq; Type: SEQUENCE SET; Schema: public; Owner: wagtail
--

SELECT pg_catalog.setval('public.django_content_type_id_seq', 48, true);


--
-- Name: django_migrations_id_seq; Type: SEQUENCE SET; Schema: public; Owner: wagtail
--

SELECT pg_catalog.setval('public.django_migrations_id_seq', 183, true);


--
-- Name: taggit_tag_id_seq; Type: SEQUENCE SET; Schema: public; Owner: wagtail
--

SELECT pg_catalog.setval('public.taggit_tag_id_seq', 1, true);


--
-- Name: taggit_taggeditem_id_seq; Type: SEQUENCE SET; Schema: public; Owner: wagtail
--

SELECT pg_catalog.setval('public.taggit_taggeditem_id_seq', 1, false);


--
-- Name: wagtailadmin_admin_id_seq; Type: SEQUENCE SET; Schema: public; Owner: wagtail
--

SELECT pg_catalog.setval('public.wagtailadmin_admin_id_seq', 1, false);


--
-- Name: wagtailcore_collection_id_seq; Type: SEQUENCE SET; Schema: public; Owner: wagtail
--

SELECT pg_catalog.setval('public.wagtailcore_collection_id_seq', 1, true);


--
-- Name: wagtailcore_collectionviewrestriction_groups_id_seq; Type: SEQUENCE SET; Schema: public; Owner: wagtail
--

SELECT pg_catalog.setval('public.wagtailcore_collectionviewrestriction_groups_id_seq', 1, false);


--
-- Name: wagtailcore_collectionviewrestriction_id_seq; Type: SEQUENCE SET; Schema: public; Owner: wagtail
--

SELECT pg_catalog.setval('public.wagtailcore_collectionviewrestriction_id_seq', 1, false);


--
-- Name: wagtailcore_comment_id_seq; Type: SEQUENCE SET; Schema: public; Owner: wagtail
--

SELECT pg_catalog.setval('public.wagtailcore_comment_id_seq', 1, false);


--
-- Name: wagtailcore_commentreply_id_seq; Type: SEQUENCE SET; Schema: public; Owner: wagtail
--

SELECT pg_catalog.setval('public.wagtailcore_commentreply_id_seq', 1, false);


--
-- Name: wagtailcore_groupapprovaltask_groups_id_seq; Type: SEQUENCE SET; Schema: public; Owner: wagtail
--

SELECT pg_catalog.setval('public.wagtailcore_groupapprovaltask_groups_id_seq', 1, true);


--
-- Name: wagtailcore_groupcollectionpermission_id_seq; Type: SEQUENCE SET; Schema: public; Owner: wagtail
--

SELECT pg_catalog.setval('public.wagtailcore_groupcollectionpermission_id_seq', 10, true);


--
-- Name: wagtailcore_grouppagepermission_id_seq; Type: SEQUENCE SET; Schema: public; Owner: wagtail
--

SELECT pg_catalog.setval('public.wagtailcore_grouppagepermission_id_seq', 7, true);


--
-- Name: wagtailcore_locale_id_seq; Type: SEQUENCE SET; Schema: public; Owner: wagtail
--

SELECT pg_catalog.setval('public.wagtailcore_locale_id_seq', 1, true);


--
-- Name: wagtailcore_modellogentry_id_seq; Type: SEQUENCE SET; Schema: public; Owner: wagtail
--

SELECT pg_catalog.setval('public.wagtailcore_modellogentry_id_seq', 4, true);


--
-- Name: wagtailcore_page_id_seq; Type: SEQUENCE SET; Schema: public; Owner: wagtail
--

SELECT pg_catalog.setval('public.wagtailcore_page_id_seq', 4, true);


--
-- Name: wagtailcore_pagelogentry_id_seq; Type: SEQUENCE SET; Schema: public; Owner: wagtail
--

SELECT pg_catalog.setval('public.wagtailcore_pagelogentry_id_seq', 10, true);


--
-- Name: wagtailcore_pagerevision_id_seq; Type: SEQUENCE SET; Schema: public; Owner: wagtail
--

SELECT pg_catalog.setval('public.wagtailcore_pagerevision_id_seq', 7, true);


--
-- Name: wagtailcore_pagesubscription_id_seq; Type: SEQUENCE SET; Schema: public; Owner: wagtail
--

SELECT pg_catalog.setval('public.wagtailcore_pagesubscription_id_seq', 2, true);


--
-- Name: wagtailcore_pageviewrestriction_groups_id_seq; Type: SEQUENCE SET; Schema: public; Owner: wagtail
--

SELECT pg_catalog.setval('public.wagtailcore_pageviewrestriction_groups_id_seq', 1, false);


--
-- Name: wagtailcore_pageviewrestriction_id_seq; Type: SEQUENCE SET; Schema: public; Owner: wagtail
--

SELECT pg_catalog.setval('public.wagtailcore_pageviewrestriction_id_seq', 1, false);


--
-- Name: wagtailcore_site_id_seq; Type: SEQUENCE SET; Schema: public; Owner: wagtail
--

SELECT pg_catalog.setval('public.wagtailcore_site_id_seq', 1, true);


--
-- Name: wagtailcore_task_id_seq; Type: SEQUENCE SET; Schema: public; Owner: wagtail
--

SELECT pg_catalog.setval('public.wagtailcore_task_id_seq', 1, true);


--
-- Name: wagtailcore_taskstate_id_seq; Type: SEQUENCE SET; Schema: public; Owner: wagtail
--

SELECT pg_catalog.setval('public.wagtailcore_taskstate_id_seq', 1, false);


--
-- Name: wagtailcore_workflow_id_seq; Type: SEQUENCE SET; Schema: public; Owner: wagtail
--

SELECT pg_catalog.setval('public.wagtailcore_workflow_id_seq', 1, true);


--
-- Name: wagtailcore_workflowstate_id_seq; Type: SEQUENCE SET; Schema: public; Owner: wagtail
--

SELECT pg_catalog.setval('public.wagtailcore_workflowstate_id_seq', 1, false);


--
-- Name: wagtailcore_workflowtask_id_seq; Type: SEQUENCE SET; Schema: public; Owner: wagtail
--

SELECT pg_catalog.setval('public.wagtailcore_workflowtask_id_seq', 1, true);


--
-- Name: wagtaildocs_document_id_seq; Type: SEQUENCE SET; Schema: public; Owner: wagtail
--

SELECT pg_catalog.setval('public.wagtaildocs_document_id_seq', 1, false);


--
-- Name: wagtaildocs_uploadeddocument_id_seq; Type: SEQUENCE SET; Schema: public; Owner: wagtail
--

SELECT pg_catalog.setval('public.wagtaildocs_uploadeddocument_id_seq', 1, false);


--
-- Name: wagtailembeds_embed_id_seq; Type: SEQUENCE SET; Schema: public; Owner: wagtail
--

SELECT pg_catalog.setval('public.wagtailembeds_embed_id_seq', 1, false);


--
-- Name: wagtailforms_formsubmission_id_seq; Type: SEQUENCE SET; Schema: public; Owner: wagtail
--

SELECT pg_catalog.setval('public.wagtailforms_formsubmission_id_seq', 1, false);


--
-- Name: wagtailimages_image_id_seq; Type: SEQUENCE SET; Schema: public; Owner: wagtail
--

SELECT pg_catalog.setval('public.wagtailimages_image_id_seq', 5, true);


--
-- Name: wagtailimages_rendition_id_seq; Type: SEQUENCE SET; Schema: public; Owner: wagtail
--

SELECT pg_catalog.setval('public.wagtailimages_rendition_id_seq', 9, true);


--
-- Name: wagtailimages_uploadedimage_id_seq; Type: SEQUENCE SET; Schema: public; Owner: wagtail
--

SELECT pg_catalog.setval('public.wagtailimages_uploadedimage_id_seq', 1, false);


--
-- Name: wagtailredirects_redirect_id_seq; Type: SEQUENCE SET; Schema: public; Owner: wagtail
--

SELECT pg_catalog.setval('public.wagtailredirects_redirect_id_seq', 1, false);


--
-- Name: wagtailsearch_editorspick_id_seq; Type: SEQUENCE SET; Schema: public; Owner: wagtail
--

SELECT pg_catalog.setval('public.wagtailsearch_editorspick_id_seq', 1, false);


--
-- Name: wagtailsearch_indexentry_id_seq; Type: SEQUENCE SET; Schema: public; Owner: wagtail
--

SELECT pg_catalog.setval('public.wagtailsearch_indexentry_id_seq', 22, true);


--
-- Name: wagtailsearch_query_id_seq; Type: SEQUENCE SET; Schema: public; Owner: wagtail
--

SELECT pg_catalog.setval('public.wagtailsearch_query_id_seq', 1, false);


--
-- Name: wagtailsearch_querydailyhits_id_seq; Type: SEQUENCE SET; Schema: public; Owner: wagtail
--

SELECT pg_catalog.setval('public.wagtailsearch_querydailyhits_id_seq', 1, false);


--
-- Name: wagtailusers_userprofile_id_seq; Type: SEQUENCE SET; Schema: public; Owner: wagtail
--

SELECT pg_catalog.setval('public.wagtailusers_userprofile_id_seq', 1, false);


--
-- Name: auth_group auth_group_name_key; Type: CONSTRAINT; Schema: public; Owner: wagtail
--

ALTER TABLE ONLY public.auth_group
    ADD CONSTRAINT auth_group_name_key UNIQUE (name);


--
-- Name: auth_group_permissions auth_group_permissions_group_id_permission_id_0cd325b0_uniq; Type: CONSTRAINT; Schema: public; Owner: wagtail
--

ALTER TABLE ONLY public.auth_group_permissions
    ADD CONSTRAINT auth_group_permissions_group_id_permission_id_0cd325b0_uniq UNIQUE (group_id, permission_id);


--
-- Name: auth_group_permissions auth_group_permissions_pkey; Type: CONSTRAINT; Schema: public; Owner: wagtail
--

ALTER TABLE ONLY public.auth_group_permissions
    ADD CONSTRAINT auth_group_permissions_pkey PRIMARY KEY (id);


--
-- Name: auth_group auth_group_pkey; Type: CONSTRAINT; Schema: public; Owner: wagtail
--

ALTER TABLE ONLY public.auth_group
    ADD CONSTRAINT auth_group_pkey PRIMARY KEY (id);


--
-- Name: auth_permission auth_permission_content_type_id_codename_01ab375a_uniq; Type: CONSTRAINT; Schema: public; Owner: wagtail
--

ALTER TABLE ONLY public.auth_permission
    ADD CONSTRAINT auth_permission_content_type_id_codename_01ab375a_uniq UNIQUE (content_type_id, codename);


--
-- Name: auth_permission auth_permission_pkey; Type: CONSTRAINT; Schema: public; Owner: wagtail
--

ALTER TABLE ONLY public.auth_permission
    ADD CONSTRAINT auth_permission_pkey PRIMARY KEY (id);


--
-- Name: auth_user_groups auth_user_groups_pkey; Type: CONSTRAINT; Schema: public; Owner: wagtail
--

ALTER TABLE ONLY public.auth_user_groups
    ADD CONSTRAINT auth_user_groups_pkey PRIMARY KEY (id);


--
-- Name: auth_user_groups auth_user_groups_user_id_group_id_94350c0c_uniq; Type: CONSTRAINT; Schema: public; Owner: wagtail
--

ALTER TABLE ONLY public.auth_user_groups
    ADD CONSTRAINT auth_user_groups_user_id_group_id_94350c0c_uniq UNIQUE (user_id, group_id);


--
-- Name: auth_user auth_user_pkey; Type: CONSTRAINT; Schema: public; Owner: wagtail
--

ALTER TABLE ONLY public.auth_user
    ADD CONSTRAINT auth_user_pkey PRIMARY KEY (id);


--
-- Name: auth_user_user_permissions auth_user_user_permissions_pkey; Type: CONSTRAINT; Schema: public; Owner: wagtail
--

ALTER TABLE ONLY public.auth_user_user_permissions
    ADD CONSTRAINT auth_user_user_permissions_pkey PRIMARY KEY (id);


--
-- Name: auth_user_user_permissions auth_user_user_permissions_user_id_permission_id_14a6b632_uniq; Type: CONSTRAINT; Schema: public; Owner: wagtail
--

ALTER TABLE ONLY public.auth_user_user_permissions
    ADD CONSTRAINT auth_user_user_permissions_user_id_permission_id_14a6b632_uniq UNIQUE (user_id, permission_id);


--
-- Name: auth_user auth_user_username_key; Type: CONSTRAINT; Schema: public; Owner: wagtail
--

ALTER TABLE ONLY public.auth_user
    ADD CONSTRAINT auth_user_username_key UNIQUE (username);


--
-- Name: blog_blogcategory blog_blogcategory_pkey; Type: CONSTRAINT; Schema: public; Owner: wagtail
--

ALTER TABLE ONLY public.blog_blogcategory
    ADD CONSTRAINT blog_blogcategory_pkey PRIMARY KEY (id);


--
-- Name: blog_blogcategory blog_blogcategory_slug_key; Type: CONSTRAINT; Schema: public; Owner: wagtail
--

ALTER TABLE ONLY public.blog_blogcategory
    ADD CONSTRAINT blog_blogcategory_slug_key UNIQUE (slug);


--
-- Name: blog_blogpage blog_blogpage_pkey; Type: CONSTRAINT; Schema: public; Owner: wagtail
--

ALTER TABLE ONLY public.blog_blogpage
    ADD CONSTRAINT blog_blogpage_pkey PRIMARY KEY (page_ptr_id);


--
-- Name: blog_postpage blog_postpage_pkey; Type: CONSTRAINT; Schema: public; Owner: wagtail
--

ALTER TABLE ONLY public.blog_postpage
    ADD CONSTRAINT blog_postpage_pkey PRIMARY KEY (page_ptr_id);


--
-- Name: blog_postpageblogcategory blog_postpageblogcategor_page_id_blog_category_id_f3f50e3f_uniq; Type: CONSTRAINT; Schema: public; Owner: wagtail
--

ALTER TABLE ONLY public.blog_postpageblogcategory
    ADD CONSTRAINT blog_postpageblogcategor_page_id_blog_category_id_f3f50e3f_uniq UNIQUE (page_id, blog_category_id);


--
-- Name: blog_postpageblogcategory blog_postpageblogcategory_pkey; Type: CONSTRAINT; Schema: public; Owner: wagtail
--

ALTER TABLE ONLY public.blog_postpageblogcategory
    ADD CONSTRAINT blog_postpageblogcategory_pkey PRIMARY KEY (id);


--
-- Name: blog_postpagetag blog_postpagetag_pkey; Type: CONSTRAINT; Schema: public; Owner: wagtail
--

ALTER TABLE ONLY public.blog_postpagetag
    ADD CONSTRAINT blog_postpagetag_pkey PRIMARY KEY (id);


--
-- Name: django_admin_log django_admin_log_pkey; Type: CONSTRAINT; Schema: public; Owner: wagtail
--

ALTER TABLE ONLY public.django_admin_log
    ADD CONSTRAINT django_admin_log_pkey PRIMARY KEY (id);


--
-- Name: django_content_type django_content_type_app_label_model_76bd3d3b_uniq; Type: CONSTRAINT; Schema: public; Owner: wagtail
--

ALTER TABLE ONLY public.django_content_type
    ADD CONSTRAINT django_content_type_app_label_model_76bd3d3b_uniq UNIQUE (app_label, model);


--
-- Name: django_content_type django_content_type_pkey; Type: CONSTRAINT; Schema: public; Owner: wagtail
--

ALTER TABLE ONLY public.django_content_type
    ADD CONSTRAINT django_content_type_pkey PRIMARY KEY (id);


--
-- Name: django_migrations django_migrations_pkey; Type: CONSTRAINT; Schema: public; Owner: wagtail
--

ALTER TABLE ONLY public.django_migrations
    ADD CONSTRAINT django_migrations_pkey PRIMARY KEY (id);


--
-- Name: django_session django_session_pkey; Type: CONSTRAINT; Schema: public; Owner: wagtail
--

ALTER TABLE ONLY public.django_session
    ADD CONSTRAINT django_session_pkey PRIMARY KEY (session_key);


--
-- Name: taggit_tag taggit_tag_name_key; Type: CONSTRAINT; Schema: public; Owner: wagtail
--

ALTER TABLE ONLY public.taggit_tag
    ADD CONSTRAINT taggit_tag_name_key UNIQUE (name);


--
-- Name: taggit_tag taggit_tag_pkey; Type: CONSTRAINT; Schema: public; Owner: wagtail
--

ALTER TABLE ONLY public.taggit_tag
    ADD CONSTRAINT taggit_tag_pkey PRIMARY KEY (id);


--
-- Name: taggit_tag taggit_tag_slug_key; Type: CONSTRAINT; Schema: public; Owner: wagtail
--

ALTER TABLE ONLY public.taggit_tag
    ADD CONSTRAINT taggit_tag_slug_key UNIQUE (slug);


--
-- Name: taggit_taggeditem taggit_taggeditem_content_type_id_object_i_4bb97a8e_uniq; Type: CONSTRAINT; Schema: public; Owner: wagtail
--

ALTER TABLE ONLY public.taggit_taggeditem
    ADD CONSTRAINT taggit_taggeditem_content_type_id_object_i_4bb97a8e_uniq UNIQUE (content_type_id, object_id, tag_id);


--
-- Name: taggit_taggeditem taggit_taggeditem_pkey; Type: CONSTRAINT; Schema: public; Owner: wagtail
--

ALTER TABLE ONLY public.taggit_taggeditem
    ADD CONSTRAINT taggit_taggeditem_pkey PRIMARY KEY (id);


--
-- Name: wagtailadmin_admin wagtailadmin_admin_pkey; Type: CONSTRAINT; Schema: public; Owner: wagtail
--

ALTER TABLE ONLY public.wagtailadmin_admin
    ADD CONSTRAINT wagtailadmin_admin_pkey PRIMARY KEY (id);


--
-- Name: wagtailcore_collection wagtailcore_collection_path_key; Type: CONSTRAINT; Schema: public; Owner: wagtail
--

ALTER TABLE ONLY public.wagtailcore_collection
    ADD CONSTRAINT wagtailcore_collection_path_key UNIQUE (path);


--
-- Name: wagtailcore_collection wagtailcore_collection_pkey; Type: CONSTRAINT; Schema: public; Owner: wagtail
--

ALTER TABLE ONLY public.wagtailcore_collection
    ADD CONSTRAINT wagtailcore_collection_pkey PRIMARY KEY (id);


--
-- Name: wagtailcore_collectionviewrestriction_groups wagtailcore_collectionvi_collectionviewrestrictio_988995ae_uniq; Type: CONSTRAINT; Schema: public; Owner: wagtail
--

ALTER TABLE ONLY public.wagtailcore_collectionviewrestriction_groups
    ADD CONSTRAINT wagtailcore_collectionvi_collectionviewrestrictio_988995ae_uniq UNIQUE (collectionviewrestriction_id, group_id);


--
-- Name: wagtailcore_collectionviewrestriction_groups wagtailcore_collectionviewrestriction_groups_pkey; Type: CONSTRAINT; Schema: public; Owner: wagtail
--

ALTER TABLE ONLY public.wagtailcore_collectionviewrestriction_groups
    ADD CONSTRAINT wagtailcore_collectionviewrestriction_groups_pkey PRIMARY KEY (id);


--
-- Name: wagtailcore_collectionviewrestriction wagtailcore_collectionviewrestriction_pkey; Type: CONSTRAINT; Schema: public; Owner: wagtail
--

ALTER TABLE ONLY public.wagtailcore_collectionviewrestriction
    ADD CONSTRAINT wagtailcore_collectionviewrestriction_pkey PRIMARY KEY (id);


--
-- Name: wagtailcore_comment wagtailcore_comment_pkey; Type: CONSTRAINT; Schema: public; Owner: wagtail
--

ALTER TABLE ONLY public.wagtailcore_comment
    ADD CONSTRAINT wagtailcore_comment_pkey PRIMARY KEY (id);


--
-- Name: wagtailcore_commentreply wagtailcore_commentreply_pkey; Type: CONSTRAINT; Schema: public; Owner: wagtail
--

ALTER TABLE ONLY public.wagtailcore_commentreply
    ADD CONSTRAINT wagtailcore_commentreply_pkey PRIMARY KEY (id);


--
-- Name: wagtailcore_groupapprovaltask_groups wagtailcore_groupapprova_groupapprovaltask_id_gro_bb5ee7eb_uniq; Type: CONSTRAINT; Schema: public; Owner: wagtail
--

ALTER TABLE ONLY public.wagtailcore_groupapprovaltask_groups
    ADD CONSTRAINT wagtailcore_groupapprova_groupapprovaltask_id_gro_bb5ee7eb_uniq UNIQUE (groupapprovaltask_id, group_id);


--
-- Name: wagtailcore_groupapprovaltask_groups wagtailcore_groupapprovaltask_groups_pkey; Type: CONSTRAINT; Schema: public; Owner: wagtail
--

ALTER TABLE ONLY public.wagtailcore_groupapprovaltask_groups
    ADD CONSTRAINT wagtailcore_groupapprovaltask_groups_pkey PRIMARY KEY (id);


--
-- Name: wagtailcore_groupapprovaltask wagtailcore_groupapprovaltask_pkey; Type: CONSTRAINT; Schema: public; Owner: wagtail
--

ALTER TABLE ONLY public.wagtailcore_groupapprovaltask
    ADD CONSTRAINT wagtailcore_groupapprovaltask_pkey PRIMARY KEY (task_ptr_id);


--
-- Name: wagtailcore_groupcollectionpermission wagtailcore_groupcollect_group_id_collection_id_p_a21cefe9_uniq; Type: CONSTRAINT; Schema: public; Owner: wagtail
--

ALTER TABLE ONLY public.wagtailcore_groupcollectionpermission
    ADD CONSTRAINT wagtailcore_groupcollect_group_id_collection_id_p_a21cefe9_uniq UNIQUE (group_id, collection_id, permission_id);


--
-- Name: wagtailcore_groupcollectionpermission wagtailcore_groupcollectionpermission_pkey; Type: CONSTRAINT; Schema: public; Owner: wagtail
--

ALTER TABLE ONLY public.wagtailcore_groupcollectionpermission
    ADD CONSTRAINT wagtailcore_groupcollectionpermission_pkey PRIMARY KEY (id);


--
-- Name: wagtailcore_grouppagepermission wagtailcore_grouppageper_group_id_page_id_permiss_0898bdf8_uniq; Type: CONSTRAINT; Schema: public; Owner: wagtail
--

ALTER TABLE ONLY public.wagtailcore_grouppagepermission
    ADD CONSTRAINT wagtailcore_grouppageper_group_id_page_id_permiss_0898bdf8_uniq UNIQUE (group_id, page_id, permission_type);


--
-- Name: wagtailcore_grouppagepermission wagtailcore_grouppagepermission_pkey; Type: CONSTRAINT; Schema: public; Owner: wagtail
--

ALTER TABLE ONLY public.wagtailcore_grouppagepermission
    ADD CONSTRAINT wagtailcore_grouppagepermission_pkey PRIMARY KEY (id);


--
-- Name: wagtailcore_locale wagtailcore_locale_language_code_key; Type: CONSTRAINT; Schema: public; Owner: wagtail
--

ALTER TABLE ONLY public.wagtailcore_locale
    ADD CONSTRAINT wagtailcore_locale_language_code_key UNIQUE (language_code);


--
-- Name: wagtailcore_locale wagtailcore_locale_pkey; Type: CONSTRAINT; Schema: public; Owner: wagtail
--

ALTER TABLE ONLY public.wagtailcore_locale
    ADD CONSTRAINT wagtailcore_locale_pkey PRIMARY KEY (id);


--
-- Name: wagtailcore_modellogentry wagtailcore_modellogentry_pkey; Type: CONSTRAINT; Schema: public; Owner: wagtail
--

ALTER TABLE ONLY public.wagtailcore_modellogentry
    ADD CONSTRAINT wagtailcore_modellogentry_pkey PRIMARY KEY (id);


--
-- Name: wagtailcore_page wagtailcore_page_path_key; Type: CONSTRAINT; Schema: public; Owner: wagtail
--

ALTER TABLE ONLY public.wagtailcore_page
    ADD CONSTRAINT wagtailcore_page_path_key UNIQUE (path);


--
-- Name: wagtailcore_page wagtailcore_page_pkey; Type: CONSTRAINT; Schema: public; Owner: wagtail
--

ALTER TABLE ONLY public.wagtailcore_page
    ADD CONSTRAINT wagtailcore_page_pkey PRIMARY KEY (id);


--
-- Name: wagtailcore_page wagtailcore_page_translation_key_locale_id_9b041bad_uniq; Type: CONSTRAINT; Schema: public; Owner: wagtail
--

ALTER TABLE ONLY public.wagtailcore_page
    ADD CONSTRAINT wagtailcore_page_translation_key_locale_id_9b041bad_uniq UNIQUE (translation_key, locale_id);


--
-- Name: wagtailcore_pagelogentry wagtailcore_pagelogentry_pkey; Type: CONSTRAINT; Schema: public; Owner: wagtail
--

ALTER TABLE ONLY public.wagtailcore_pagelogentry
    ADD CONSTRAINT wagtailcore_pagelogentry_pkey PRIMARY KEY (id);


--
-- Name: wagtailcore_revision wagtailcore_pagerevision_pkey; Type: CONSTRAINT; Schema: public; Owner: wagtail
--

ALTER TABLE ONLY public.wagtailcore_revision
    ADD CONSTRAINT wagtailcore_pagerevision_pkey PRIMARY KEY (id);


--
-- Name: wagtailcore_pagesubscription wagtailcore_pagesubscription_page_id_user_id_0cef73ed_uniq; Type: CONSTRAINT; Schema: public; Owner: wagtail
--

ALTER TABLE ONLY public.wagtailcore_pagesubscription
    ADD CONSTRAINT wagtailcore_pagesubscription_page_id_user_id_0cef73ed_uniq UNIQUE (page_id, user_id);


--
-- Name: wagtailcore_pagesubscription wagtailcore_pagesubscription_pkey; Type: CONSTRAINT; Schema: public; Owner: wagtail
--

ALTER TABLE ONLY public.wagtailcore_pagesubscription
    ADD CONSTRAINT wagtailcore_pagesubscription_pkey PRIMARY KEY (id);


--
-- Name: wagtailcore_pageviewrestriction_groups wagtailcore_pageviewrest_pageviewrestriction_id_g_d23f80bb_uniq; Type: CONSTRAINT; Schema: public; Owner: wagtail
--

ALTER TABLE ONLY public.wagtailcore_pageviewrestriction_groups
    ADD CONSTRAINT wagtailcore_pageviewrest_pageviewrestriction_id_g_d23f80bb_uniq UNIQUE (pageviewrestriction_id, group_id);


--
-- Name: wagtailcore_pageviewrestriction_groups wagtailcore_pageviewrestriction_groups_pkey; Type: CONSTRAINT; Schema: public; Owner: wagtail
--

ALTER TABLE ONLY public.wagtailcore_pageviewrestriction_groups
    ADD CONSTRAINT wagtailcore_pageviewrestriction_groups_pkey PRIMARY KEY (id);


--
-- Name: wagtailcore_pageviewrestriction wagtailcore_pageviewrestriction_pkey; Type: CONSTRAINT; Schema: public; Owner: wagtail
--

ALTER TABLE ONLY public.wagtailcore_pageviewrestriction
    ADD CONSTRAINT wagtailcore_pageviewrestriction_pkey PRIMARY KEY (id);


--
-- Name: wagtailcore_site wagtailcore_site_hostname_port_2c626d70_uniq; Type: CONSTRAINT; Schema: public; Owner: wagtail
--

ALTER TABLE ONLY public.wagtailcore_site
    ADD CONSTRAINT wagtailcore_site_hostname_port_2c626d70_uniq UNIQUE (hostname, port);


--
-- Name: wagtailcore_site wagtailcore_site_pkey; Type: CONSTRAINT; Schema: public; Owner: wagtail
--

ALTER TABLE ONLY public.wagtailcore_site
    ADD CONSTRAINT wagtailcore_site_pkey PRIMARY KEY (id);


--
-- Name: wagtailcore_task wagtailcore_task_pkey; Type: CONSTRAINT; Schema: public; Owner: wagtail
--

ALTER TABLE ONLY public.wagtailcore_task
    ADD CONSTRAINT wagtailcore_task_pkey PRIMARY KEY (id);


--
-- Name: wagtailcore_taskstate wagtailcore_taskstate_pkey; Type: CONSTRAINT; Schema: public; Owner: wagtail
--

ALTER TABLE ONLY public.wagtailcore_taskstate
    ADD CONSTRAINT wagtailcore_taskstate_pkey PRIMARY KEY (id);


--
-- Name: wagtailcore_workflow wagtailcore_workflow_pkey; Type: CONSTRAINT; Schema: public; Owner: wagtail
--

ALTER TABLE ONLY public.wagtailcore_workflow
    ADD CONSTRAINT wagtailcore_workflow_pkey PRIMARY KEY (id);


--
-- Name: wagtailcore_workflowpage wagtailcore_workflowpage_pkey; Type: CONSTRAINT; Schema: public; Owner: wagtail
--

ALTER TABLE ONLY public.wagtailcore_workflowpage
    ADD CONSTRAINT wagtailcore_workflowpage_pkey PRIMARY KEY (page_id);


--
-- Name: wagtailcore_workflowstate wagtailcore_workflowstate_current_task_state_id_key; Type: CONSTRAINT; Schema: public; Owner: wagtail
--

ALTER TABLE ONLY public.wagtailcore_workflowstate
    ADD CONSTRAINT wagtailcore_workflowstate_current_task_state_id_key UNIQUE (current_task_state_id);


--
-- Name: wagtailcore_workflowstate wagtailcore_workflowstate_pkey; Type: CONSTRAINT; Schema: public; Owner: wagtail
--

ALTER TABLE ONLY public.wagtailcore_workflowstate
    ADD CONSTRAINT wagtailcore_workflowstate_pkey PRIMARY KEY (id);


--
-- Name: wagtailcore_workflowtask wagtailcore_workflowtask_pkey; Type: CONSTRAINT; Schema: public; Owner: wagtail
--

ALTER TABLE ONLY public.wagtailcore_workflowtask
    ADD CONSTRAINT wagtailcore_workflowtask_pkey PRIMARY KEY (id);


--
-- Name: wagtailcore_workflowtask wagtailcore_workflowtask_workflow_id_task_id_4ec7a62b_uniq; Type: CONSTRAINT; Schema: public; Owner: wagtail
--

ALTER TABLE ONLY public.wagtailcore_workflowtask
    ADD CONSTRAINT wagtailcore_workflowtask_workflow_id_task_id_4ec7a62b_uniq UNIQUE (workflow_id, task_id);


--
-- Name: wagtaildocs_document wagtaildocs_document_pkey; Type: CONSTRAINT; Schema: public; Owner: wagtail
--

ALTER TABLE ONLY public.wagtaildocs_document
    ADD CONSTRAINT wagtaildocs_document_pkey PRIMARY KEY (id);


--
-- Name: wagtaildocs_uploadeddocument wagtaildocs_uploadeddocument_pkey; Type: CONSTRAINT; Schema: public; Owner: wagtail
--

ALTER TABLE ONLY public.wagtaildocs_uploadeddocument
    ADD CONSTRAINT wagtaildocs_uploadeddocument_pkey PRIMARY KEY (id);


--
-- Name: wagtailembeds_embed wagtailembeds_embed_hash_c9bd8c9a_uniq; Type: CONSTRAINT; Schema: public; Owner: wagtail
--

ALTER TABLE ONLY public.wagtailembeds_embed
    ADD CONSTRAINT wagtailembeds_embed_hash_c9bd8c9a_uniq UNIQUE (hash);


--
-- Name: wagtailembeds_embed wagtailembeds_embed_pkey; Type: CONSTRAINT; Schema: public; Owner: wagtail
--

ALTER TABLE ONLY public.wagtailembeds_embed
    ADD CONSTRAINT wagtailembeds_embed_pkey PRIMARY KEY (id);


--
-- Name: wagtailforms_formsubmission wagtailforms_formsubmission_pkey; Type: CONSTRAINT; Schema: public; Owner: wagtail
--

ALTER TABLE ONLY public.wagtailforms_formsubmission
    ADD CONSTRAINT wagtailforms_formsubmission_pkey PRIMARY KEY (id);


--
-- Name: wagtailimages_image wagtailimages_image_pkey; Type: CONSTRAINT; Schema: public; Owner: wagtail
--

ALTER TABLE ONLY public.wagtailimages_image
    ADD CONSTRAINT wagtailimages_image_pkey PRIMARY KEY (id);


--
-- Name: wagtailimages_rendition wagtailimages_rendition_image_id_filter_spec_foc_323c8fe0_uniq; Type: CONSTRAINT; Schema: public; Owner: wagtail
--

ALTER TABLE ONLY public.wagtailimages_rendition
    ADD CONSTRAINT wagtailimages_rendition_image_id_filter_spec_foc_323c8fe0_uniq UNIQUE (image_id, filter_spec, focal_point_key);


--
-- Name: wagtailimages_rendition wagtailimages_rendition_pkey; Type: CONSTRAINT; Schema: public; Owner: wagtail
--

ALTER TABLE ONLY public.wagtailimages_rendition
    ADD CONSTRAINT wagtailimages_rendition_pkey PRIMARY KEY (id);


--
-- Name: wagtailimages_uploadedimage wagtailimages_uploadedimage_pkey; Type: CONSTRAINT; Schema: public; Owner: wagtail
--

ALTER TABLE ONLY public.wagtailimages_uploadedimage
    ADD CONSTRAINT wagtailimages_uploadedimage_pkey PRIMARY KEY (id);


--
-- Name: wagtailredirects_redirect wagtailredirects_redirect_old_path_site_id_783622d7_uniq; Type: CONSTRAINT; Schema: public; Owner: wagtail
--

ALTER TABLE ONLY public.wagtailredirects_redirect
    ADD CONSTRAINT wagtailredirects_redirect_old_path_site_id_783622d7_uniq UNIQUE (old_path, site_id);


--
-- Name: wagtailredirects_redirect wagtailredirects_redirect_pkey; Type: CONSTRAINT; Schema: public; Owner: wagtail
--

ALTER TABLE ONLY public.wagtailredirects_redirect
    ADD CONSTRAINT wagtailredirects_redirect_pkey PRIMARY KEY (id);


--
-- Name: wagtailsearch_editorspick wagtailsearch_editorspick_pkey; Type: CONSTRAINT; Schema: public; Owner: wagtail
--

ALTER TABLE ONLY public.wagtailsearch_editorspick
    ADD CONSTRAINT wagtailsearch_editorspick_pkey PRIMARY KEY (id);


--
-- Name: wagtailsearch_indexentry wagtailsearch_indexentry_content_type_id_object_i_bcd7ba73_uniq; Type: CONSTRAINT; Schema: public; Owner: wagtail
--

ALTER TABLE ONLY public.wagtailsearch_indexentry
    ADD CONSTRAINT wagtailsearch_indexentry_content_type_id_object_i_bcd7ba73_uniq UNIQUE (content_type_id, object_id);


--
-- Name: wagtailsearch_indexentry wagtailsearch_indexentry_pkey; Type: CONSTRAINT; Schema: public; Owner: wagtail
--

ALTER TABLE ONLY public.wagtailsearch_indexentry
    ADD CONSTRAINT wagtailsearch_indexentry_pkey PRIMARY KEY (id);


--
-- Name: wagtailsearch_query wagtailsearch_query_pkey; Type: CONSTRAINT; Schema: public; Owner: wagtail
--

ALTER TABLE ONLY public.wagtailsearch_query
    ADD CONSTRAINT wagtailsearch_query_pkey PRIMARY KEY (id);


--
-- Name: wagtailsearch_query wagtailsearch_query_query_string_key; Type: CONSTRAINT; Schema: public; Owner: wagtail
--

ALTER TABLE ONLY public.wagtailsearch_query
    ADD CONSTRAINT wagtailsearch_query_query_string_key UNIQUE (query_string);


--
-- Name: wagtailsearch_querydailyhits wagtailsearch_querydailyhits_pkey; Type: CONSTRAINT; Schema: public; Owner: wagtail
--

ALTER TABLE ONLY public.wagtailsearch_querydailyhits
    ADD CONSTRAINT wagtailsearch_querydailyhits_pkey PRIMARY KEY (id);


--
-- Name: wagtailsearch_querydailyhits wagtailsearch_querydailyhits_query_id_date_1dd232e6_uniq; Type: CONSTRAINT; Schema: public; Owner: wagtail
--

ALTER TABLE ONLY public.wagtailsearch_querydailyhits
    ADD CONSTRAINT wagtailsearch_querydailyhits_query_id_date_1dd232e6_uniq UNIQUE (query_id, date);


--
-- Name: wagtailusers_userprofile wagtailusers_userprofile_pkey; Type: CONSTRAINT; Schema: public; Owner: wagtail
--

ALTER TABLE ONLY public.wagtailusers_userprofile
    ADD CONSTRAINT wagtailusers_userprofile_pkey PRIMARY KEY (id);


--
-- Name: wagtailusers_userprofile wagtailusers_userprofile_user_id_key; Type: CONSTRAINT; Schema: public; Owner: wagtail
--

ALTER TABLE ONLY public.wagtailusers_userprofile
    ADD CONSTRAINT wagtailusers_userprofile_user_id_key UNIQUE (user_id);


--
-- Name: auth_group_name_a6ea08ec_like; Type: INDEX; Schema: public; Owner: wagtail
--

CREATE INDEX auth_group_name_a6ea08ec_like ON public.auth_group USING btree (name varchar_pattern_ops);


--
-- Name: auth_group_permissions_group_id_b120cbf9; Type: INDEX; Schema: public; Owner: wagtail
--

CREATE INDEX auth_group_permissions_group_id_b120cbf9 ON public.auth_group_permissions USING btree (group_id);


--
-- Name: auth_group_permissions_permission_id_84c5c92e; Type: INDEX; Schema: public; Owner: wagtail
--

CREATE INDEX auth_group_permissions_permission_id_84c5c92e ON public.auth_group_permissions USING btree (permission_id);


--
-- Name: auth_permission_content_type_id_2f476e4b; Type: INDEX; Schema: public; Owner: wagtail
--

CREATE INDEX auth_permission_content_type_id_2f476e4b ON public.auth_permission USING btree (content_type_id);


--
-- Name: auth_user_groups_group_id_97559544; Type: INDEX; Schema: public; Owner: wagtail
--

CREATE INDEX auth_user_groups_group_id_97559544 ON public.auth_user_groups USING btree (group_id);


--
-- Name: auth_user_groups_user_id_6a12ed8b; Type: INDEX; Schema: public; Owner: wagtail
--

CREATE INDEX auth_user_groups_user_id_6a12ed8b ON public.auth_user_groups USING btree (user_id);


--
-- Name: auth_user_user_permissions_permission_id_1fbb5f2c; Type: INDEX; Schema: public; Owner: wagtail
--

CREATE INDEX auth_user_user_permissions_permission_id_1fbb5f2c ON public.auth_user_user_permissions USING btree (permission_id);


--
-- Name: auth_user_user_permissions_user_id_a95ead1b; Type: INDEX; Schema: public; Owner: wagtail
--

CREATE INDEX auth_user_user_permissions_user_id_a95ead1b ON public.auth_user_user_permissions USING btree (user_id);


--
-- Name: auth_user_username_6821ab7c_like; Type: INDEX; Schema: public; Owner: wagtail
--

CREATE INDEX auth_user_username_6821ab7c_like ON public.auth_user USING btree (username varchar_pattern_ops);


--
-- Name: base_content_object_idx; Type: INDEX; Schema: public; Owner: wagtail
--

CREATE INDEX base_content_object_idx ON public.wagtailcore_revision USING btree (base_content_type_id, object_id);


--
-- Name: blog_blogcategory_slug_7996de7a_like; Type: INDEX; Schema: public; Owner: wagtail
--

CREATE INDEX blog_blogcategory_slug_7996de7a_like ON public.blog_blogcategory USING btree (slug varchar_pattern_ops);


--
-- Name: blog_postpage_header_image_id_b6fcd5f4; Type: INDEX; Schema: public; Owner: wagtail
--

CREATE INDEX blog_postpage_header_image_id_b6fcd5f4 ON public.blog_postpage USING btree (header_image_id);


--
-- Name: blog_postpageblogcategory_blog_category_id_d556e5eb; Type: INDEX; Schema: public; Owner: wagtail
--

CREATE INDEX blog_postpageblogcategory_blog_category_id_d556e5eb ON public.blog_postpageblogcategory USING btree (blog_category_id);


--
-- Name: blog_postpageblogcategory_page_id_b8f4da20; Type: INDEX; Schema: public; Owner: wagtail
--

CREATE INDEX blog_postpageblogcategory_page_id_b8f4da20 ON public.blog_postpageblogcategory USING btree (page_id);


--
-- Name: blog_postpagetag_content_object_id_a06cd0b5; Type: INDEX; Schema: public; Owner: wagtail
--

CREATE INDEX blog_postpagetag_content_object_id_a06cd0b5 ON public.blog_postpagetag USING btree (content_object_id);


--
-- Name: blog_postpagetag_tag_id_4bb6c6b3; Type: INDEX; Schema: public; Owner: wagtail
--

CREATE INDEX blog_postpagetag_tag_id_4bb6c6b3 ON public.blog_postpagetag USING btree (tag_id);


--
-- Name: content_object_idx; Type: INDEX; Schema: public; Owner: wagtail
--

CREATE INDEX content_object_idx ON public.wagtailcore_revision USING btree (content_type_id, object_id);


--
-- Name: django_admin_log_content_type_id_c4bce8eb; Type: INDEX; Schema: public; Owner: wagtail
--

CREATE INDEX django_admin_log_content_type_id_c4bce8eb ON public.django_admin_log USING btree (content_type_id);


--
-- Name: django_admin_log_user_id_c564eba6; Type: INDEX; Schema: public; Owner: wagtail
--

CREATE INDEX django_admin_log_user_id_c564eba6 ON public.django_admin_log USING btree (user_id);


--
-- Name: django_session_expire_date_a5c62663; Type: INDEX; Schema: public; Owner: wagtail
--

CREATE INDEX django_session_expire_date_a5c62663 ON public.django_session USING btree (expire_date);


--
-- Name: django_session_session_key_c0390e0f_like; Type: INDEX; Schema: public; Owner: wagtail
--

CREATE INDEX django_session_session_key_c0390e0f_like ON public.django_session USING btree (session_key varchar_pattern_ops);


--
-- Name: taggit_tag_name_58eb2ed9_like; Type: INDEX; Schema: public; Owner: wagtail
--

CREATE INDEX taggit_tag_name_58eb2ed9_like ON public.taggit_tag USING btree (name varchar_pattern_ops);


--
-- Name: taggit_tag_slug_6be58b2c_like; Type: INDEX; Schema: public; Owner: wagtail
--

CREATE INDEX taggit_tag_slug_6be58b2c_like ON public.taggit_tag USING btree (slug varchar_pattern_ops);


--
-- Name: taggit_taggeditem_content_type_id_9957a03c; Type: INDEX; Schema: public; Owner: wagtail
--

CREATE INDEX taggit_taggeditem_content_type_id_9957a03c ON public.taggit_taggeditem USING btree (content_type_id);


--
-- Name: taggit_taggeditem_content_type_id_object_id_196cc965_idx; Type: INDEX; Schema: public; Owner: wagtail
--

CREATE INDEX taggit_taggeditem_content_type_id_object_id_196cc965_idx ON public.taggit_taggeditem USING btree (content_type_id, object_id);


--
-- Name: taggit_taggeditem_object_id_e2d7d1df; Type: INDEX; Schema: public; Owner: wagtail
--

CREATE INDEX taggit_taggeditem_object_id_e2d7d1df ON public.taggit_taggeditem USING btree (object_id);


--
-- Name: taggit_taggeditem_tag_id_f4f5b767; Type: INDEX; Schema: public; Owner: wagtail
--

CREATE INDEX taggit_taggeditem_tag_id_f4f5b767 ON public.taggit_taggeditem USING btree (tag_id);


--
-- Name: unique_in_progress_workflow; Type: INDEX; Schema: public; Owner: wagtail
--

CREATE UNIQUE INDEX unique_in_progress_workflow ON public.wagtailcore_workflowstate USING btree (page_id) WHERE ((status)::text = ANY ((ARRAY['in_progress'::character varying, 'needs_changes'::character varying])::text[]));


--
-- Name: wagtailcore_collection_path_d848dc19_like; Type: INDEX; Schema: public; Owner: wagtail
--

CREATE INDEX wagtailcore_collection_path_d848dc19_like ON public.wagtailcore_collection USING btree (path varchar_pattern_ops);


--
-- Name: wagtailcore_collectionview_collectionviewrestriction__47320efd; Type: INDEX; Schema: public; Owner: wagtail
--

CREATE INDEX wagtailcore_collectionview_collectionviewrestriction__47320efd ON public.wagtailcore_collectionviewrestriction_groups USING btree (collectionviewrestriction_id);


--
-- Name: wagtailcore_collectionviewrestriction_collection_id_761908ec; Type: INDEX; Schema: public; Owner: wagtail
--

CREATE INDEX wagtailcore_collectionviewrestriction_collection_id_761908ec ON public.wagtailcore_collectionviewrestriction USING btree (collection_id);


--
-- Name: wagtailcore_collectionviewrestriction_groups_group_id_1823f2a3; Type: INDEX; Schema: public; Owner: wagtail
--

CREATE INDEX wagtailcore_collectionviewrestriction_groups_group_id_1823f2a3 ON public.wagtailcore_collectionviewrestriction_groups USING btree (group_id);


--
-- Name: wagtailcore_comment_page_id_108444b5; Type: INDEX; Schema: public; Owner: wagtail
--

CREATE INDEX wagtailcore_comment_page_id_108444b5 ON public.wagtailcore_comment USING btree (page_id);


--
-- Name: wagtailcore_comment_resolved_by_id_a282aa0e; Type: INDEX; Schema: public; Owner: wagtail
--

CREATE INDEX wagtailcore_comment_resolved_by_id_a282aa0e ON public.wagtailcore_comment USING btree (resolved_by_id);


--
-- Name: wagtailcore_comment_revision_created_id_1d058279; Type: INDEX; Schema: public; Owner: wagtail
--

CREATE INDEX wagtailcore_comment_revision_created_id_1d058279 ON public.wagtailcore_comment USING btree (revision_created_id);


--
-- Name: wagtailcore_comment_user_id_0c577ca6; Type: INDEX; Schema: public; Owner: wagtail
--

CREATE INDEX wagtailcore_comment_user_id_0c577ca6 ON public.wagtailcore_comment USING btree (user_id);


--
-- Name: wagtailcore_commentreply_comment_id_afc7e027; Type: INDEX; Schema: public; Owner: wagtail
--

CREATE INDEX wagtailcore_commentreply_comment_id_afc7e027 ON public.wagtailcore_commentreply USING btree (comment_id);


--
-- Name: wagtailcore_commentreply_user_id_d0b3b9c3; Type: INDEX; Schema: public; Owner: wagtail
--

CREATE INDEX wagtailcore_commentreply_user_id_d0b3b9c3 ON public.wagtailcore_commentreply USING btree (user_id);


--
-- Name: wagtailcore_groupapprovalt_groupapprovaltask_id_9a9255ea; Type: INDEX; Schema: public; Owner: wagtail
--

CREATE INDEX wagtailcore_groupapprovalt_groupapprovaltask_id_9a9255ea ON public.wagtailcore_groupapprovaltask_groups USING btree (groupapprovaltask_id);


--
-- Name: wagtailcore_groupapprovaltask_groups_group_id_2e64b61f; Type: INDEX; Schema: public; Owner: wagtail
--

CREATE INDEX wagtailcore_groupapprovaltask_groups_group_id_2e64b61f ON public.wagtailcore_groupapprovaltask_groups USING btree (group_id);


--
-- Name: wagtailcore_groupcollectionpermission_collection_id_5423575a; Type: INDEX; Schema: public; Owner: wagtail
--

CREATE INDEX wagtailcore_groupcollectionpermission_collection_id_5423575a ON public.wagtailcore_groupcollectionpermission USING btree (collection_id);


--
-- Name: wagtailcore_groupcollectionpermission_group_id_05d61460; Type: INDEX; Schema: public; Owner: wagtail
--

CREATE INDEX wagtailcore_groupcollectionpermission_group_id_05d61460 ON public.wagtailcore_groupcollectionpermission USING btree (group_id);


--
-- Name: wagtailcore_groupcollectionpermission_permission_id_1b626275; Type: INDEX; Schema: public; Owner: wagtail
--

CREATE INDEX wagtailcore_groupcollectionpermission_permission_id_1b626275 ON public.wagtailcore_groupcollectionpermission USING btree (permission_id);


--
-- Name: wagtailcore_grouppagepermission_group_id_fc07e671; Type: INDEX; Schema: public; Owner: wagtail
--

CREATE INDEX wagtailcore_grouppagepermission_group_id_fc07e671 ON public.wagtailcore_grouppagepermission USING btree (group_id);


--
-- Name: wagtailcore_grouppagepermission_page_id_710b114a; Type: INDEX; Schema: public; Owner: wagtail
--

CREATE INDEX wagtailcore_grouppagepermission_page_id_710b114a ON public.wagtailcore_grouppagepermission USING btree (page_id);


--
-- Name: wagtailcore_locale_language_code_03149338_like; Type: INDEX; Schema: public; Owner: wagtail
--

CREATE INDEX wagtailcore_locale_language_code_03149338_like ON public.wagtailcore_locale USING btree (language_code varchar_pattern_ops);


--
-- Name: wagtailcore_modellogentry_action_d2d856ee; Type: INDEX; Schema: public; Owner: wagtail
--

CREATE INDEX wagtailcore_modellogentry_action_d2d856ee ON public.wagtailcore_modellogentry USING btree (action);


--
-- Name: wagtailcore_modellogentry_action_d2d856ee_like; Type: INDEX; Schema: public; Owner: wagtail
--

CREATE INDEX wagtailcore_modellogentry_action_d2d856ee_like ON public.wagtailcore_modellogentry USING btree (action varchar_pattern_ops);


--
-- Name: wagtailcore_modellogentry_content_changed_8bc39742; Type: INDEX; Schema: public; Owner: wagtail
--

CREATE INDEX wagtailcore_modellogentry_content_changed_8bc39742 ON public.wagtailcore_modellogentry USING btree (content_changed);


--
-- Name: wagtailcore_modellogentry_content_type_id_68849e77; Type: INDEX; Schema: public; Owner: wagtail
--

CREATE INDEX wagtailcore_modellogentry_content_type_id_68849e77 ON public.wagtailcore_modellogentry USING btree (content_type_id);


--
-- Name: wagtailcore_modellogentry_object_id_e0e7d4ef; Type: INDEX; Schema: public; Owner: wagtail
--

CREATE INDEX wagtailcore_modellogentry_object_id_e0e7d4ef ON public.wagtailcore_modellogentry USING btree (object_id);


--
-- Name: wagtailcore_modellogentry_object_id_e0e7d4ef_like; Type: INDEX; Schema: public; Owner: wagtail
--

CREATE INDEX wagtailcore_modellogentry_object_id_e0e7d4ef_like ON public.wagtailcore_modellogentry USING btree (object_id varchar_pattern_ops);


--
-- Name: wagtailcore_modellogentry_revision_id_df6ca33a; Type: INDEX; Schema: public; Owner: wagtail
--

CREATE INDEX wagtailcore_modellogentry_revision_id_df6ca33a ON public.wagtailcore_modellogentry USING btree (revision_id);


--
-- Name: wagtailcore_modellogentry_timestamp_9694521b; Type: INDEX; Schema: public; Owner: wagtail
--

CREATE INDEX wagtailcore_modellogentry_timestamp_9694521b ON public.wagtailcore_modellogentry USING btree ("timestamp");


--
-- Name: wagtailcore_modellogentry_user_id_0278d1bf; Type: INDEX; Schema: public; Owner: wagtail
--

CREATE INDEX wagtailcore_modellogentry_user_id_0278d1bf ON public.wagtailcore_modellogentry USING btree (user_id);


--
-- Name: wagtailcore_page_alias_of_id_12945502; Type: INDEX; Schema: public; Owner: wagtail
--

CREATE INDEX wagtailcore_page_alias_of_id_12945502 ON public.wagtailcore_page USING btree (alias_of_id);


--
-- Name: wagtailcore_page_content_type_id_c28424df; Type: INDEX; Schema: public; Owner: wagtail
--

CREATE INDEX wagtailcore_page_content_type_id_c28424df ON public.wagtailcore_page USING btree (content_type_id);


--
-- Name: wagtailcore_page_first_published_at_2b5dd637; Type: INDEX; Schema: public; Owner: wagtail
--

CREATE INDEX wagtailcore_page_first_published_at_2b5dd637 ON public.wagtailcore_page USING btree (first_published_at);


--
-- Name: wagtailcore_page_latest_revision_id_e60fef51; Type: INDEX; Schema: public; Owner: wagtail
--

CREATE INDEX wagtailcore_page_latest_revision_id_e60fef51 ON public.wagtailcore_page USING btree (latest_revision_id);


--
-- Name: wagtailcore_page_live_revision_id_930bd822; Type: INDEX; Schema: public; Owner: wagtail
--

CREATE INDEX wagtailcore_page_live_revision_id_930bd822 ON public.wagtailcore_page USING btree (live_revision_id);


--
-- Name: wagtailcore_page_locale_id_3c7e30a6; Type: INDEX; Schema: public; Owner: wagtail
--

CREATE INDEX wagtailcore_page_locale_id_3c7e30a6 ON public.wagtailcore_page USING btree (locale_id);


--
-- Name: wagtailcore_page_locked_by_id_bcb86245; Type: INDEX; Schema: public; Owner: wagtail
--

CREATE INDEX wagtailcore_page_locked_by_id_bcb86245 ON public.wagtailcore_page USING btree (locked_by_id);


--
-- Name: wagtailcore_page_owner_id_fbf7c332; Type: INDEX; Schema: public; Owner: wagtail
--

CREATE INDEX wagtailcore_page_owner_id_fbf7c332 ON public.wagtailcore_page USING btree (owner_id);


--
-- Name: wagtailcore_page_path_98eba2c8_like; Type: INDEX; Schema: public; Owner: wagtail
--

CREATE INDEX wagtailcore_page_path_98eba2c8_like ON public.wagtailcore_page USING btree (path varchar_pattern_ops);


--
-- Name: wagtailcore_page_slug_e7c11b8f; Type: INDEX; Schema: public; Owner: wagtail
--

CREATE INDEX wagtailcore_page_slug_e7c11b8f ON public.wagtailcore_page USING btree (slug);


--
-- Name: wagtailcore_page_slug_e7c11b8f_like; Type: INDEX; Schema: public; Owner: wagtail
--

CREATE INDEX wagtailcore_page_slug_e7c11b8f_like ON public.wagtailcore_page USING btree (slug varchar_pattern_ops);


--
-- Name: wagtailcore_pagelogentry_action_c2408198; Type: INDEX; Schema: public; Owner: wagtail
--

CREATE INDEX wagtailcore_pagelogentry_action_c2408198 ON public.wagtailcore_pagelogentry USING btree (action);


--
-- Name: wagtailcore_pagelogentry_action_c2408198_like; Type: INDEX; Schema: public; Owner: wagtail
--

CREATE INDEX wagtailcore_pagelogentry_action_c2408198_like ON public.wagtailcore_pagelogentry USING btree (action varchar_pattern_ops);


--
-- Name: wagtailcore_pagelogentry_content_changed_99f27ade; Type: INDEX; Schema: public; Owner: wagtail
--

CREATE INDEX wagtailcore_pagelogentry_content_changed_99f27ade ON public.wagtailcore_pagelogentry USING btree (content_changed);


--
-- Name: wagtailcore_pagelogentry_content_type_id_74e7708a; Type: INDEX; Schema: public; Owner: wagtail
--

CREATE INDEX wagtailcore_pagelogentry_content_type_id_74e7708a ON public.wagtailcore_pagelogentry USING btree (content_type_id);


--
-- Name: wagtailcore_pagelogentry_page_id_8464e327; Type: INDEX; Schema: public; Owner: wagtail
--

CREATE INDEX wagtailcore_pagelogentry_page_id_8464e327 ON public.wagtailcore_pagelogentry USING btree (page_id);


--
-- Name: wagtailcore_pagelogentry_revision_id_8043d103; Type: INDEX; Schema: public; Owner: wagtail
--

CREATE INDEX wagtailcore_pagelogentry_revision_id_8043d103 ON public.wagtailcore_pagelogentry USING btree (revision_id);


--
-- Name: wagtailcore_pagelogentry_timestamp_deb774c4; Type: INDEX; Schema: public; Owner: wagtail
--

CREATE INDEX wagtailcore_pagelogentry_timestamp_deb774c4 ON public.wagtailcore_pagelogentry USING btree ("timestamp");


--
-- Name: wagtailcore_pagelogentry_user_id_604ccfd8; Type: INDEX; Schema: public; Owner: wagtail
--

CREATE INDEX wagtailcore_pagelogentry_user_id_604ccfd8 ON public.wagtailcore_pagelogentry USING btree (user_id);


--
-- Name: wagtailcore_pagerevision_approved_go_live_at_e56afc67; Type: INDEX; Schema: public; Owner: wagtail
--

CREATE INDEX wagtailcore_pagerevision_approved_go_live_at_e56afc67 ON public.wagtailcore_revision USING btree (approved_go_live_at);


--
-- Name: wagtailcore_pagerevision_created_at_66954e3b; Type: INDEX; Schema: public; Owner: wagtail
--

CREATE INDEX wagtailcore_pagerevision_created_at_66954e3b ON public.wagtailcore_revision USING btree (created_at);


--
-- Name: wagtailcore_pagerevision_submitted_for_moderation_c682e44c; Type: INDEX; Schema: public; Owner: wagtail
--

CREATE INDEX wagtailcore_pagerevision_submitted_for_moderation_c682e44c ON public.wagtailcore_revision USING btree (submitted_for_moderation);


--
-- Name: wagtailcore_pagerevision_user_id_2409d2f4; Type: INDEX; Schema: public; Owner: wagtail
--

CREATE INDEX wagtailcore_pagerevision_user_id_2409d2f4 ON public.wagtailcore_revision USING btree (user_id);


--
-- Name: wagtailcore_pagesubscription_page_id_a085e7a6; Type: INDEX; Schema: public; Owner: wagtail
--

CREATE INDEX wagtailcore_pagesubscription_page_id_a085e7a6 ON public.wagtailcore_pagesubscription USING btree (page_id);


--
-- Name: wagtailcore_pagesubscription_user_id_89d7def9; Type: INDEX; Schema: public; Owner: wagtail
--

CREATE INDEX wagtailcore_pagesubscription_user_id_89d7def9 ON public.wagtailcore_pagesubscription USING btree (user_id);


--
-- Name: wagtailcore_pageviewrestri_pageviewrestriction_id_f147a99a; Type: INDEX; Schema: public; Owner: wagtail
--

CREATE INDEX wagtailcore_pageviewrestri_pageviewrestriction_id_f147a99a ON public.wagtailcore_pageviewrestriction_groups USING btree (pageviewrestriction_id);


--
-- Name: wagtailcore_pageviewrestriction_groups_group_id_6460f223; Type: INDEX; Schema: public; Owner: wagtail
--

CREATE INDEX wagtailcore_pageviewrestriction_groups_group_id_6460f223 ON public.wagtailcore_pageviewrestriction_groups USING btree (group_id);


--
-- Name: wagtailcore_pageviewrestriction_page_id_15a8bea6; Type: INDEX; Schema: public; Owner: wagtail
--

CREATE INDEX wagtailcore_pageviewrestriction_page_id_15a8bea6 ON public.wagtailcore_pageviewrestriction USING btree (page_id);


--
-- Name: wagtailcore_revision_base_content_type_id_5b4ef7bd; Type: INDEX; Schema: public; Owner: wagtail
--

CREATE INDEX wagtailcore_revision_base_content_type_id_5b4ef7bd ON public.wagtailcore_revision USING btree (base_content_type_id);


--
-- Name: wagtailcore_revision_content_type_id_c8cb69c0; Type: INDEX; Schema: public; Owner: wagtail
--

CREATE INDEX wagtailcore_revision_content_type_id_c8cb69c0 ON public.wagtailcore_revision USING btree (content_type_id);


--
-- Name: wagtailcore_site_hostname_96b20b46; Type: INDEX; Schema: public; Owner: wagtail
--

CREATE INDEX wagtailcore_site_hostname_96b20b46 ON public.wagtailcore_site USING btree (hostname);


--
-- Name: wagtailcore_site_hostname_96b20b46_like; Type: INDEX; Schema: public; Owner: wagtail
--

CREATE INDEX wagtailcore_site_hostname_96b20b46_like ON public.wagtailcore_site USING btree (hostname varchar_pattern_ops);


--
-- Name: wagtailcore_site_root_page_id_e02fb95c; Type: INDEX; Schema: public; Owner: wagtail
--

CREATE INDEX wagtailcore_site_root_page_id_e02fb95c ON public.wagtailcore_site USING btree (root_page_id);


--
-- Name: wagtailcore_task_content_type_id_249ab8ba; Type: INDEX; Schema: public; Owner: wagtail
--

CREATE INDEX wagtailcore_task_content_type_id_249ab8ba ON public.wagtailcore_task USING btree (content_type_id);


--
-- Name: wagtailcore_taskstate_content_type_id_0a758fdc; Type: INDEX; Schema: public; Owner: wagtail
--

CREATE INDEX wagtailcore_taskstate_content_type_id_0a758fdc ON public.wagtailcore_taskstate USING btree (content_type_id);


--
-- Name: wagtailcore_taskstate_finished_by_id_13f98229; Type: INDEX; Schema: public; Owner: wagtail
--

CREATE INDEX wagtailcore_taskstate_finished_by_id_13f98229 ON public.wagtailcore_taskstate USING btree (finished_by_id);


--
-- Name: wagtailcore_taskstate_page_revision_id_9f52c88e; Type: INDEX; Schema: public; Owner: wagtail
--

CREATE INDEX wagtailcore_taskstate_page_revision_id_9f52c88e ON public.wagtailcore_taskstate USING btree (page_revision_id);


--
-- Name: wagtailcore_taskstate_task_id_c3677c34; Type: INDEX; Schema: public; Owner: wagtail
--

CREATE INDEX wagtailcore_taskstate_task_id_c3677c34 ON public.wagtailcore_taskstate USING btree (task_id);


--
-- Name: wagtailcore_taskstate_workflow_state_id_9239a775; Type: INDEX; Schema: public; Owner: wagtail
--

CREATE INDEX wagtailcore_taskstate_workflow_state_id_9239a775 ON public.wagtailcore_taskstate USING btree (workflow_state_id);


--
-- Name: wagtailcore_workflowpage_workflow_id_56f56ff6; Type: INDEX; Schema: public; Owner: wagtail
--

CREATE INDEX wagtailcore_workflowpage_workflow_id_56f56ff6 ON public.wagtailcore_workflowpage USING btree (workflow_id);


--
-- Name: wagtailcore_workflowstate_page_id_6c962862; Type: INDEX; Schema: public; Owner: wagtail
--

CREATE INDEX wagtailcore_workflowstate_page_id_6c962862 ON public.wagtailcore_workflowstate USING btree (page_id);


--
-- Name: wagtailcore_workflowstate_requested_by_id_4090bca3; Type: INDEX; Schema: public; Owner: wagtail
--

CREATE INDEX wagtailcore_workflowstate_requested_by_id_4090bca3 ON public.wagtailcore_workflowstate USING btree (requested_by_id);


--
-- Name: wagtailcore_workflowstate_workflow_id_1f18378f; Type: INDEX; Schema: public; Owner: wagtail
--

CREATE INDEX wagtailcore_workflowstate_workflow_id_1f18378f ON public.wagtailcore_workflowstate USING btree (workflow_id);


--
-- Name: wagtailcore_workflowtask_task_id_ce7716fe; Type: INDEX; Schema: public; Owner: wagtail
--

CREATE INDEX wagtailcore_workflowtask_task_id_ce7716fe ON public.wagtailcore_workflowtask USING btree (task_id);


--
-- Name: wagtailcore_workflowtask_workflow_id_b9717175; Type: INDEX; Schema: public; Owner: wagtail
--

CREATE INDEX wagtailcore_workflowtask_workflow_id_b9717175 ON public.wagtailcore_workflowtask USING btree (workflow_id);


--
-- Name: wagtaildocs_document_collection_id_23881625; Type: INDEX; Schema: public; Owner: wagtail
--

CREATE INDEX wagtaildocs_document_collection_id_23881625 ON public.wagtaildocs_document USING btree (collection_id);


--
-- Name: wagtaildocs_document_uploaded_by_user_id_17258b41; Type: INDEX; Schema: public; Owner: wagtail
--

CREATE INDEX wagtaildocs_document_uploaded_by_user_id_17258b41 ON public.wagtaildocs_document USING btree (uploaded_by_user_id);


--
-- Name: wagtaildocs_uploadeddocument_uploaded_by_user_id_8dd61a73; Type: INDEX; Schema: public; Owner: wagtail
--

CREATE INDEX wagtaildocs_uploadeddocument_uploaded_by_user_id_8dd61a73 ON public.wagtaildocs_uploadeddocument USING btree (uploaded_by_user_id);


--
-- Name: wagtailembeds_embed_cache_until_26c94bb0; Type: INDEX; Schema: public; Owner: wagtail
--

CREATE INDEX wagtailembeds_embed_cache_until_26c94bb0 ON public.wagtailembeds_embed USING btree (cache_until);


--
-- Name: wagtailembeds_embed_hash_c9bd8c9a_like; Type: INDEX; Schema: public; Owner: wagtail
--

CREATE INDEX wagtailembeds_embed_hash_c9bd8c9a_like ON public.wagtailembeds_embed USING btree (hash varchar_pattern_ops);


--
-- Name: wagtailforms_formsubmission_page_id_e48e93e7; Type: INDEX; Schema: public; Owner: wagtail
--

CREATE INDEX wagtailforms_formsubmission_page_id_e48e93e7 ON public.wagtailforms_formsubmission USING btree (page_id);


--
-- Name: wagtailimages_image_collection_id_c2f8af7e; Type: INDEX; Schema: public; Owner: wagtail
--

CREATE INDEX wagtailimages_image_collection_id_c2f8af7e ON public.wagtailimages_image USING btree (collection_id);


--
-- Name: wagtailimages_image_created_at_86fa6cd4; Type: INDEX; Schema: public; Owner: wagtail
--

CREATE INDEX wagtailimages_image_created_at_86fa6cd4 ON public.wagtailimages_image USING btree (created_at);


--
-- Name: wagtailimages_image_file_hash_fb5bbb23; Type: INDEX; Schema: public; Owner: wagtail
--

CREATE INDEX wagtailimages_image_file_hash_fb5bbb23 ON public.wagtailimages_image USING btree (file_hash);


--
-- Name: wagtailimages_image_file_hash_fb5bbb23_like; Type: INDEX; Schema: public; Owner: wagtail
--

CREATE INDEX wagtailimages_image_file_hash_fb5bbb23_like ON public.wagtailimages_image USING btree (file_hash varchar_pattern_ops);


--
-- Name: wagtailimages_image_uploaded_by_user_id_5d73dc75; Type: INDEX; Schema: public; Owner: wagtail
--

CREATE INDEX wagtailimages_image_uploaded_by_user_id_5d73dc75 ON public.wagtailimages_image USING btree (uploaded_by_user_id);


--
-- Name: wagtailimages_rendition_filter_spec_1cba3201; Type: INDEX; Schema: public; Owner: wagtail
--

CREATE INDEX wagtailimages_rendition_filter_spec_1cba3201 ON public.wagtailimages_rendition USING btree (filter_spec);


--
-- Name: wagtailimages_rendition_filter_spec_1cba3201_like; Type: INDEX; Schema: public; Owner: wagtail
--

CREATE INDEX wagtailimages_rendition_filter_spec_1cba3201_like ON public.wagtailimages_rendition USING btree (filter_spec varchar_pattern_ops);


--
-- Name: wagtailimages_rendition_image_id_3e1fd774; Type: INDEX; Schema: public; Owner: wagtail
--

CREATE INDEX wagtailimages_rendition_image_id_3e1fd774 ON public.wagtailimages_rendition USING btree (image_id);


--
-- Name: wagtailimages_uploadedimage_uploaded_by_user_id_85921689; Type: INDEX; Schema: public; Owner: wagtail
--

CREATE INDEX wagtailimages_uploadedimage_uploaded_by_user_id_85921689 ON public.wagtailimages_uploadedimage USING btree (uploaded_by_user_id);


--
-- Name: wagtailredirects_redirect_old_path_bb35247b; Type: INDEX; Schema: public; Owner: wagtail
--

CREATE INDEX wagtailredirects_redirect_old_path_bb35247b ON public.wagtailredirects_redirect USING btree (old_path);


--
-- Name: wagtailredirects_redirect_old_path_bb35247b_like; Type: INDEX; Schema: public; Owner: wagtail
--

CREATE INDEX wagtailredirects_redirect_old_path_bb35247b_like ON public.wagtailredirects_redirect USING btree (old_path varchar_pattern_ops);


--
-- Name: wagtailredirects_redirect_redirect_page_id_b5728a8f; Type: INDEX; Schema: public; Owner: wagtail
--

CREATE INDEX wagtailredirects_redirect_redirect_page_id_b5728a8f ON public.wagtailredirects_redirect USING btree (redirect_page_id);


--
-- Name: wagtailredirects_redirect_site_id_780a0e1e; Type: INDEX; Schema: public; Owner: wagtail
--

CREATE INDEX wagtailredirects_redirect_site_id_780a0e1e ON public.wagtailredirects_redirect USING btree (site_id);


--
-- Name: wagtailsear_autocom_476c89_gin; Type: INDEX; Schema: public; Owner: wagtail
--

CREATE INDEX wagtailsear_autocom_476c89_gin ON public.wagtailsearch_indexentry USING gin (autocomplete);


--
-- Name: wagtailsear_body_90c85d_gin; Type: INDEX; Schema: public; Owner: wagtail
--

CREATE INDEX wagtailsear_body_90c85d_gin ON public.wagtailsearch_indexentry USING gin (body);


--
-- Name: wagtailsear_title_9caae0_gin; Type: INDEX; Schema: public; Owner: wagtail
--

CREATE INDEX wagtailsear_title_9caae0_gin ON public.wagtailsearch_indexentry USING gin (title);


--
-- Name: wagtailsearch_editorspick_page_id_28cbc274; Type: INDEX; Schema: public; Owner: wagtail
--

CREATE INDEX wagtailsearch_editorspick_page_id_28cbc274 ON public.wagtailsearch_editorspick USING btree (page_id);


--
-- Name: wagtailsearch_editorspick_query_id_c6eee4a0; Type: INDEX; Schema: public; Owner: wagtail
--

CREATE INDEX wagtailsearch_editorspick_query_id_c6eee4a0 ON public.wagtailsearch_editorspick USING btree (query_id);


--
-- Name: wagtailsearch_indexentry_content_type_id_62ed694f; Type: INDEX; Schema: public; Owner: wagtail
--

CREATE INDEX wagtailsearch_indexentry_content_type_id_62ed694f ON public.wagtailsearch_indexentry USING btree (content_type_id);


--
-- Name: wagtailsearch_query_query_string_e785ea07_like; Type: INDEX; Schema: public; Owner: wagtail
--

CREATE INDEX wagtailsearch_query_query_string_e785ea07_like ON public.wagtailsearch_query USING btree (query_string varchar_pattern_ops);


--
-- Name: wagtailsearch_querydailyhits_query_id_2185994b; Type: INDEX; Schema: public; Owner: wagtail
--

CREATE INDEX wagtailsearch_querydailyhits_query_id_2185994b ON public.wagtailsearch_querydailyhits USING btree (query_id);


--
-- Name: auth_group_permissions auth_group_permissio_permission_id_84c5c92e_fk_auth_perm; Type: FK CONSTRAINT; Schema: public; Owner: wagtail
--

ALTER TABLE ONLY public.auth_group_permissions
    ADD CONSTRAINT auth_group_permissio_permission_id_84c5c92e_fk_auth_perm FOREIGN KEY (permission_id) REFERENCES public.auth_permission(id) DEFERRABLE INITIALLY DEFERRED;


--
-- Name: auth_group_permissions auth_group_permissions_group_id_b120cbf9_fk_auth_group_id; Type: FK CONSTRAINT; Schema: public; Owner: wagtail
--

ALTER TABLE ONLY public.auth_group_permissions
    ADD CONSTRAINT auth_group_permissions_group_id_b120cbf9_fk_auth_group_id FOREIGN KEY (group_id) REFERENCES public.auth_group(id) DEFERRABLE INITIALLY DEFERRED;


--
-- Name: auth_permission auth_permission_content_type_id_2f476e4b_fk_django_co; Type: FK CONSTRAINT; Schema: public; Owner: wagtail
--

ALTER TABLE ONLY public.auth_permission
    ADD CONSTRAINT auth_permission_content_type_id_2f476e4b_fk_django_co FOREIGN KEY (content_type_id) REFERENCES public.django_content_type(id) DEFERRABLE INITIALLY DEFERRED;


--
-- Name: auth_user_groups auth_user_groups_group_id_97559544_fk_auth_group_id; Type: FK CONSTRAINT; Schema: public; Owner: wagtail
--

ALTER TABLE ONLY public.auth_user_groups
    ADD CONSTRAINT auth_user_groups_group_id_97559544_fk_auth_group_id FOREIGN KEY (group_id) REFERENCES public.auth_group(id) DEFERRABLE INITIALLY DEFERRED;


--
-- Name: auth_user_groups auth_user_groups_user_id_6a12ed8b_fk_auth_user_id; Type: FK CONSTRAINT; Schema: public; Owner: wagtail
--

ALTER TABLE ONLY public.auth_user_groups
    ADD CONSTRAINT auth_user_groups_user_id_6a12ed8b_fk_auth_user_id FOREIGN KEY (user_id) REFERENCES public.auth_user(id) DEFERRABLE INITIALLY DEFERRED;


--
-- Name: auth_user_user_permissions auth_user_user_permi_permission_id_1fbb5f2c_fk_auth_perm; Type: FK CONSTRAINT; Schema: public; Owner: wagtail
--

ALTER TABLE ONLY public.auth_user_user_permissions
    ADD CONSTRAINT auth_user_user_permi_permission_id_1fbb5f2c_fk_auth_perm FOREIGN KEY (permission_id) REFERENCES public.auth_permission(id) DEFERRABLE INITIALLY DEFERRED;


--
-- Name: auth_user_user_permissions auth_user_user_permissions_user_id_a95ead1b_fk_auth_user_id; Type: FK CONSTRAINT; Schema: public; Owner: wagtail
--

ALTER TABLE ONLY public.auth_user_user_permissions
    ADD CONSTRAINT auth_user_user_permissions_user_id_a95ead1b_fk_auth_user_id FOREIGN KEY (user_id) REFERENCES public.auth_user(id) DEFERRABLE INITIALLY DEFERRED;


--
-- Name: blog_blogpage blog_blogpage_page_ptr_id_1d78e2b7_fk_wagtailcore_page_id; Type: FK CONSTRAINT; Schema: public; Owner: wagtail
--

ALTER TABLE ONLY public.blog_blogpage
    ADD CONSTRAINT blog_blogpage_page_ptr_id_1d78e2b7_fk_wagtailcore_page_id FOREIGN KEY (page_ptr_id) REFERENCES public.wagtailcore_page(id) DEFERRABLE INITIALLY DEFERRED;


--
-- Name: blog_postpage blog_postpage_header_image_id_b6fcd5f4_fk_wagtailim; Type: FK CONSTRAINT; Schema: public; Owner: wagtail
--

ALTER TABLE ONLY public.blog_postpage
    ADD CONSTRAINT blog_postpage_header_image_id_b6fcd5f4_fk_wagtailim FOREIGN KEY (header_image_id) REFERENCES public.wagtailimages_image(id) DEFERRABLE INITIALLY DEFERRED;


--
-- Name: blog_postpage blog_postpage_page_ptr_id_54127208_fk_wagtailcore_page_id; Type: FK CONSTRAINT; Schema: public; Owner: wagtail
--

ALTER TABLE ONLY public.blog_postpage
    ADD CONSTRAINT blog_postpage_page_ptr_id_54127208_fk_wagtailcore_page_id FOREIGN KEY (page_ptr_id) REFERENCES public.wagtailcore_page(id) DEFERRABLE INITIALLY DEFERRED;


--
-- Name: blog_postpageblogcategory blog_postpageblogcat_blog_category_id_d556e5eb_fk_blog_blog; Type: FK CONSTRAINT; Schema: public; Owner: wagtail
--

ALTER TABLE ONLY public.blog_postpageblogcategory
    ADD CONSTRAINT blog_postpageblogcat_blog_category_id_d556e5eb_fk_blog_blog FOREIGN KEY (blog_category_id) REFERENCES public.blog_blogcategory(id) DEFERRABLE INITIALLY DEFERRED;


--
-- Name: blog_postpageblogcategory blog_postpageblogcat_page_id_b8f4da20_fk_blog_post; Type: FK CONSTRAINT; Schema: public; Owner: wagtail
--

ALTER TABLE ONLY public.blog_postpageblogcategory
    ADD CONSTRAINT blog_postpageblogcat_page_id_b8f4da20_fk_blog_post FOREIGN KEY (page_id) REFERENCES public.blog_postpage(page_ptr_id) DEFERRABLE INITIALLY DEFERRED;


--
-- Name: blog_postpagetag blog_postpagetag_content_object_id_a06cd0b5_fk_blog_post; Type: FK CONSTRAINT; Schema: public; Owner: wagtail
--

ALTER TABLE ONLY public.blog_postpagetag
    ADD CONSTRAINT blog_postpagetag_content_object_id_a06cd0b5_fk_blog_post FOREIGN KEY (content_object_id) REFERENCES public.blog_postpage(page_ptr_id) DEFERRABLE INITIALLY DEFERRED;


--
-- Name: blog_postpagetag blog_postpagetag_tag_id_4bb6c6b3_fk_taggit_tag_id; Type: FK CONSTRAINT; Schema: public; Owner: wagtail
--

ALTER TABLE ONLY public.blog_postpagetag
    ADD CONSTRAINT blog_postpagetag_tag_id_4bb6c6b3_fk_taggit_tag_id FOREIGN KEY (tag_id) REFERENCES public.taggit_tag(id) DEFERRABLE INITIALLY DEFERRED;


--
-- Name: django_admin_log django_admin_log_content_type_id_c4bce8eb_fk_django_co; Type: FK CONSTRAINT; Schema: public; Owner: wagtail
--

ALTER TABLE ONLY public.django_admin_log
    ADD CONSTRAINT django_admin_log_content_type_id_c4bce8eb_fk_django_co FOREIGN KEY (content_type_id) REFERENCES public.django_content_type(id) DEFERRABLE INITIALLY DEFERRED;


--
-- Name: django_admin_log django_admin_log_user_id_c564eba6_fk_auth_user_id; Type: FK CONSTRAINT; Schema: public; Owner: wagtail
--

ALTER TABLE ONLY public.django_admin_log
    ADD CONSTRAINT django_admin_log_user_id_c564eba6_fk_auth_user_id FOREIGN KEY (user_id) REFERENCES public.auth_user(id) DEFERRABLE INITIALLY DEFERRED;


--
-- Name: taggit_taggeditem taggit_taggeditem_content_type_id_9957a03c_fk_django_co; Type: FK CONSTRAINT; Schema: public; Owner: wagtail
--

ALTER TABLE ONLY public.taggit_taggeditem
    ADD CONSTRAINT taggit_taggeditem_content_type_id_9957a03c_fk_django_co FOREIGN KEY (content_type_id) REFERENCES public.django_content_type(id) DEFERRABLE INITIALLY DEFERRED;


--
-- Name: taggit_taggeditem taggit_taggeditem_tag_id_f4f5b767_fk_taggit_tag_id; Type: FK CONSTRAINT; Schema: public; Owner: wagtail
--

ALTER TABLE ONLY public.taggit_taggeditem
    ADD CONSTRAINT taggit_taggeditem_tag_id_f4f5b767_fk_taggit_tag_id FOREIGN KEY (tag_id) REFERENCES public.taggit_tag(id) DEFERRABLE INITIALLY DEFERRED;


--
-- Name: wagtailcore_collectionviewrestriction wagtailcore_collecti_collection_id_761908ec_fk_wagtailco; Type: FK CONSTRAINT; Schema: public; Owner: wagtail
--

ALTER TABLE ONLY public.wagtailcore_collectionviewrestriction
    ADD CONSTRAINT wagtailcore_collecti_collection_id_761908ec_fk_wagtailco FOREIGN KEY (collection_id) REFERENCES public.wagtailcore_collection(id) DEFERRABLE INITIALLY DEFERRED;


--
-- Name: wagtailcore_collectionviewrestriction_groups wagtailcore_collecti_collectionviewrestri_47320efd_fk_wagtailco; Type: FK CONSTRAINT; Schema: public; Owner: wagtail
--

ALTER TABLE ONLY public.wagtailcore_collectionviewrestriction_groups
    ADD CONSTRAINT wagtailcore_collecti_collectionviewrestri_47320efd_fk_wagtailco FOREIGN KEY (collectionviewrestriction_id) REFERENCES public.wagtailcore_collectionviewrestriction(id) DEFERRABLE INITIALLY DEFERRED;


--
-- Name: wagtailcore_collectionviewrestriction_groups wagtailcore_collecti_group_id_1823f2a3_fk_auth_grou; Type: FK CONSTRAINT; Schema: public; Owner: wagtail
--

ALTER TABLE ONLY public.wagtailcore_collectionviewrestriction_groups
    ADD CONSTRAINT wagtailcore_collecti_group_id_1823f2a3_fk_auth_grou FOREIGN KEY (group_id) REFERENCES public.auth_group(id) DEFERRABLE INITIALLY DEFERRED;


--
-- Name: wagtailcore_comment wagtailcore_comment_page_id_108444b5_fk_wagtailcore_page_id; Type: FK CONSTRAINT; Schema: public; Owner: wagtail
--

ALTER TABLE ONLY public.wagtailcore_comment
    ADD CONSTRAINT wagtailcore_comment_page_id_108444b5_fk_wagtailcore_page_id FOREIGN KEY (page_id) REFERENCES public.wagtailcore_page(id) DEFERRABLE INITIALLY DEFERRED;


--
-- Name: wagtailcore_comment wagtailcore_comment_resolved_by_id_a282aa0e_fk_auth_user_id; Type: FK CONSTRAINT; Schema: public; Owner: wagtail
--

ALTER TABLE ONLY public.wagtailcore_comment
    ADD CONSTRAINT wagtailcore_comment_resolved_by_id_a282aa0e_fk_auth_user_id FOREIGN KEY (resolved_by_id) REFERENCES public.auth_user(id) DEFERRABLE INITIALLY DEFERRED;


--
-- Name: wagtailcore_comment wagtailcore_comment_revision_created_id_1d058279_fk_wagtailco; Type: FK CONSTRAINT; Schema: public; Owner: wagtail
--

ALTER TABLE ONLY public.wagtailcore_comment
    ADD CONSTRAINT wagtailcore_comment_revision_created_id_1d058279_fk_wagtailco FOREIGN KEY (revision_created_id) REFERENCES public.wagtailcore_revision(id) DEFERRABLE INITIALLY DEFERRED;


--
-- Name: wagtailcore_comment wagtailcore_comment_user_id_0c577ca6_fk_auth_user_id; Type: FK CONSTRAINT; Schema: public; Owner: wagtail
--

ALTER TABLE ONLY public.wagtailcore_comment
    ADD CONSTRAINT wagtailcore_comment_user_id_0c577ca6_fk_auth_user_id FOREIGN KEY (user_id) REFERENCES public.auth_user(id) DEFERRABLE INITIALLY DEFERRED;


--
-- Name: wagtailcore_commentreply wagtailcore_commentr_comment_id_afc7e027_fk_wagtailco; Type: FK CONSTRAINT; Schema: public; Owner: wagtail
--

ALTER TABLE ONLY public.wagtailcore_commentreply
    ADD CONSTRAINT wagtailcore_commentr_comment_id_afc7e027_fk_wagtailco FOREIGN KEY (comment_id) REFERENCES public.wagtailcore_comment(id) DEFERRABLE INITIALLY DEFERRED;


--
-- Name: wagtailcore_commentreply wagtailcore_commentreply_user_id_d0b3b9c3_fk_auth_user_id; Type: FK CONSTRAINT; Schema: public; Owner: wagtail
--

ALTER TABLE ONLY public.wagtailcore_commentreply
    ADD CONSTRAINT wagtailcore_commentreply_user_id_d0b3b9c3_fk_auth_user_id FOREIGN KEY (user_id) REFERENCES public.auth_user(id) DEFERRABLE INITIALLY DEFERRED;


--
-- Name: wagtailcore_groupapprovaltask_groups wagtailcore_groupapp_group_id_2e64b61f_fk_auth_grou; Type: FK CONSTRAINT; Schema: public; Owner: wagtail
--

ALTER TABLE ONLY public.wagtailcore_groupapprovaltask_groups
    ADD CONSTRAINT wagtailcore_groupapp_group_id_2e64b61f_fk_auth_grou FOREIGN KEY (group_id) REFERENCES public.auth_group(id) DEFERRABLE INITIALLY DEFERRED;


--
-- Name: wagtailcore_groupapprovaltask_groups wagtailcore_groupapp_groupapprovaltask_id_9a9255ea_fk_wagtailco; Type: FK CONSTRAINT; Schema: public; Owner: wagtail
--

ALTER TABLE ONLY public.wagtailcore_groupapprovaltask_groups
    ADD CONSTRAINT wagtailcore_groupapp_groupapprovaltask_id_9a9255ea_fk_wagtailco FOREIGN KEY (groupapprovaltask_id) REFERENCES public.wagtailcore_groupapprovaltask(task_ptr_id) DEFERRABLE INITIALLY DEFERRED;


--
-- Name: wagtailcore_groupapprovaltask wagtailcore_groupapp_task_ptr_id_cfe58781_fk_wagtailco; Type: FK CONSTRAINT; Schema: public; Owner: wagtail
--

ALTER TABLE ONLY public.wagtailcore_groupapprovaltask
    ADD CONSTRAINT wagtailcore_groupapp_task_ptr_id_cfe58781_fk_wagtailco FOREIGN KEY (task_ptr_id) REFERENCES public.wagtailcore_task(id) DEFERRABLE INITIALLY DEFERRED;


--
-- Name: wagtailcore_groupcollectionpermission wagtailcore_groupcol_collection_id_5423575a_fk_wagtailco; Type: FK CONSTRAINT; Schema: public; Owner: wagtail
--

ALTER TABLE ONLY public.wagtailcore_groupcollectionpermission
    ADD CONSTRAINT wagtailcore_groupcol_collection_id_5423575a_fk_wagtailco FOREIGN KEY (collection_id) REFERENCES public.wagtailcore_collection(id) DEFERRABLE INITIALLY DEFERRED;


--
-- Name: wagtailcore_groupcollectionpermission wagtailcore_groupcol_group_id_05d61460_fk_auth_grou; Type: FK CONSTRAINT; Schema: public; Owner: wagtail
--

ALTER TABLE ONLY public.wagtailcore_groupcollectionpermission
    ADD CONSTRAINT wagtailcore_groupcol_group_id_05d61460_fk_auth_grou FOREIGN KEY (group_id) REFERENCES public.auth_group(id) DEFERRABLE INITIALLY DEFERRED;


--
-- Name: wagtailcore_groupcollectionpermission wagtailcore_groupcol_permission_id_1b626275_fk_auth_perm; Type: FK CONSTRAINT; Schema: public; Owner: wagtail
--

ALTER TABLE ONLY public.wagtailcore_groupcollectionpermission
    ADD CONSTRAINT wagtailcore_groupcol_permission_id_1b626275_fk_auth_perm FOREIGN KEY (permission_id) REFERENCES public.auth_permission(id) DEFERRABLE INITIALLY DEFERRED;


--
-- Name: wagtailcore_grouppagepermission wagtailcore_grouppag_group_id_fc07e671_fk_auth_grou; Type: FK CONSTRAINT; Schema: public; Owner: wagtail
--

ALTER TABLE ONLY public.wagtailcore_grouppagepermission
    ADD CONSTRAINT wagtailcore_grouppag_group_id_fc07e671_fk_auth_grou FOREIGN KEY (group_id) REFERENCES public.auth_group(id) DEFERRABLE INITIALLY DEFERRED;


--
-- Name: wagtailcore_grouppagepermission wagtailcore_grouppag_page_id_710b114a_fk_wagtailco; Type: FK CONSTRAINT; Schema: public; Owner: wagtail
--

ALTER TABLE ONLY public.wagtailcore_grouppagepermission
    ADD CONSTRAINT wagtailcore_grouppag_page_id_710b114a_fk_wagtailco FOREIGN KEY (page_id) REFERENCES public.wagtailcore_page(id) DEFERRABLE INITIALLY DEFERRED;


--
-- Name: wagtailcore_modellogentry wagtailcore_modellog_content_type_id_68849e77_fk_django_co; Type: FK CONSTRAINT; Schema: public; Owner: wagtail
--

ALTER TABLE ONLY public.wagtailcore_modellogentry
    ADD CONSTRAINT wagtailcore_modellog_content_type_id_68849e77_fk_django_co FOREIGN KEY (content_type_id) REFERENCES public.django_content_type(id) DEFERRABLE INITIALLY DEFERRED;


--
-- Name: wagtailcore_page wagtailcore_page_alias_of_id_12945502_fk_wagtailcore_page_id; Type: FK CONSTRAINT; Schema: public; Owner: wagtail
--

ALTER TABLE ONLY public.wagtailcore_page
    ADD CONSTRAINT wagtailcore_page_alias_of_id_12945502_fk_wagtailcore_page_id FOREIGN KEY (alias_of_id) REFERENCES public.wagtailcore_page(id) DEFERRABLE INITIALLY DEFERRED;


--
-- Name: wagtailcore_page wagtailcore_page_content_type_id_c28424df_fk_django_co; Type: FK CONSTRAINT; Schema: public; Owner: wagtail
--

ALTER TABLE ONLY public.wagtailcore_page
    ADD CONSTRAINT wagtailcore_page_content_type_id_c28424df_fk_django_co FOREIGN KEY (content_type_id) REFERENCES public.django_content_type(id) DEFERRABLE INITIALLY DEFERRED;


--
-- Name: wagtailcore_page wagtailcore_page_latest_revision_id_e60fef51_fk_wagtailco; Type: FK CONSTRAINT; Schema: public; Owner: wagtail
--

ALTER TABLE ONLY public.wagtailcore_page
    ADD CONSTRAINT wagtailcore_page_latest_revision_id_e60fef51_fk_wagtailco FOREIGN KEY (latest_revision_id) REFERENCES public.wagtailcore_revision(id) DEFERRABLE INITIALLY DEFERRED;


--
-- Name: wagtailcore_page wagtailcore_page_live_revision_id_930bd822_fk_wagtailco; Type: FK CONSTRAINT; Schema: public; Owner: wagtail
--

ALTER TABLE ONLY public.wagtailcore_page
    ADD CONSTRAINT wagtailcore_page_live_revision_id_930bd822_fk_wagtailco FOREIGN KEY (live_revision_id) REFERENCES public.wagtailcore_revision(id) DEFERRABLE INITIALLY DEFERRED;


--
-- Name: wagtailcore_page wagtailcore_page_locale_id_3c7e30a6_fk_wagtailcore_locale_id; Type: FK CONSTRAINT; Schema: public; Owner: wagtail
--

ALTER TABLE ONLY public.wagtailcore_page
    ADD CONSTRAINT wagtailcore_page_locale_id_3c7e30a6_fk_wagtailcore_locale_id FOREIGN KEY (locale_id) REFERENCES public.wagtailcore_locale(id) DEFERRABLE INITIALLY DEFERRED;


--
-- Name: wagtailcore_page wagtailcore_page_locked_by_id_bcb86245_fk_auth_user_id; Type: FK CONSTRAINT; Schema: public; Owner: wagtail
--

ALTER TABLE ONLY public.wagtailcore_page
    ADD CONSTRAINT wagtailcore_page_locked_by_id_bcb86245_fk_auth_user_id FOREIGN KEY (locked_by_id) REFERENCES public.auth_user(id) DEFERRABLE INITIALLY DEFERRED;


--
-- Name: wagtailcore_page wagtailcore_page_owner_id_fbf7c332_fk_auth_user_id; Type: FK CONSTRAINT; Schema: public; Owner: wagtail
--

ALTER TABLE ONLY public.wagtailcore_page
    ADD CONSTRAINT wagtailcore_page_owner_id_fbf7c332_fk_auth_user_id FOREIGN KEY (owner_id) REFERENCES public.auth_user(id) DEFERRABLE INITIALLY DEFERRED;


--
-- Name: wagtailcore_pagelogentry wagtailcore_pageloge_content_type_id_74e7708a_fk_django_co; Type: FK CONSTRAINT; Schema: public; Owner: wagtail
--

ALTER TABLE ONLY public.wagtailcore_pagelogentry
    ADD CONSTRAINT wagtailcore_pageloge_content_type_id_74e7708a_fk_django_co FOREIGN KEY (content_type_id) REFERENCES public.django_content_type(id) DEFERRABLE INITIALLY DEFERRED;


--
-- Name: wagtailcore_revision wagtailcore_pagerevision_user_id_2409d2f4_fk_auth_user_id; Type: FK CONSTRAINT; Schema: public; Owner: wagtail
--

ALTER TABLE ONLY public.wagtailcore_revision
    ADD CONSTRAINT wagtailcore_pagerevision_user_id_2409d2f4_fk_auth_user_id FOREIGN KEY (user_id) REFERENCES public.auth_user(id) DEFERRABLE INITIALLY DEFERRED;


--
-- Name: wagtailcore_pagesubscription wagtailcore_pagesubs_page_id_a085e7a6_fk_wagtailco; Type: FK CONSTRAINT; Schema: public; Owner: wagtail
--

ALTER TABLE ONLY public.wagtailcore_pagesubscription
    ADD CONSTRAINT wagtailcore_pagesubs_page_id_a085e7a6_fk_wagtailco FOREIGN KEY (page_id) REFERENCES public.wagtailcore_page(id) DEFERRABLE INITIALLY DEFERRED;


--
-- Name: wagtailcore_pagesubscription wagtailcore_pagesubscription_user_id_89d7def9_fk_auth_user_id; Type: FK CONSTRAINT; Schema: public; Owner: wagtail
--

ALTER TABLE ONLY public.wagtailcore_pagesubscription
    ADD CONSTRAINT wagtailcore_pagesubscription_user_id_89d7def9_fk_auth_user_id FOREIGN KEY (user_id) REFERENCES public.auth_user(id) DEFERRABLE INITIALLY DEFERRED;


--
-- Name: wagtailcore_pageviewrestriction_groups wagtailcore_pageview_group_id_6460f223_fk_auth_grou; Type: FK CONSTRAINT; Schema: public; Owner: wagtail
--

ALTER TABLE ONLY public.wagtailcore_pageviewrestriction_groups
    ADD CONSTRAINT wagtailcore_pageview_group_id_6460f223_fk_auth_grou FOREIGN KEY (group_id) REFERENCES public.auth_group(id) DEFERRABLE INITIALLY DEFERRED;


--
-- Name: wagtailcore_pageviewrestriction wagtailcore_pageview_page_id_15a8bea6_fk_wagtailco; Type: FK CONSTRAINT; Schema: public; Owner: wagtail
--

ALTER TABLE ONLY public.wagtailcore_pageviewrestriction
    ADD CONSTRAINT wagtailcore_pageview_page_id_15a8bea6_fk_wagtailco FOREIGN KEY (page_id) REFERENCES public.wagtailcore_page(id) DEFERRABLE INITIALLY DEFERRED;


--
-- Name: wagtailcore_pageviewrestriction_groups wagtailcore_pageview_pageviewrestriction__f147a99a_fk_wagtailco; Type: FK CONSTRAINT; Schema: public; Owner: wagtail
--

ALTER TABLE ONLY public.wagtailcore_pageviewrestriction_groups
    ADD CONSTRAINT wagtailcore_pageview_pageviewrestriction__f147a99a_fk_wagtailco FOREIGN KEY (pageviewrestriction_id) REFERENCES public.wagtailcore_pageviewrestriction(id) DEFERRABLE INITIALLY DEFERRED;


--
-- Name: wagtailcore_revision wagtailcore_revision_base_content_type_id_5b4ef7bd_fk_django_co; Type: FK CONSTRAINT; Schema: public; Owner: wagtail
--

ALTER TABLE ONLY public.wagtailcore_revision
    ADD CONSTRAINT wagtailcore_revision_base_content_type_id_5b4ef7bd_fk_django_co FOREIGN KEY (base_content_type_id) REFERENCES public.django_content_type(id) DEFERRABLE INITIALLY DEFERRED;


--
-- Name: wagtailcore_revision wagtailcore_revision_content_type_id_c8cb69c0_fk_django_co; Type: FK CONSTRAINT; Schema: public; Owner: wagtail
--

ALTER TABLE ONLY public.wagtailcore_revision
    ADD CONSTRAINT wagtailcore_revision_content_type_id_c8cb69c0_fk_django_co FOREIGN KEY (content_type_id) REFERENCES public.django_content_type(id) DEFERRABLE INITIALLY DEFERRED;


--
-- Name: wagtailcore_site wagtailcore_site_root_page_id_e02fb95c_fk_wagtailcore_page_id; Type: FK CONSTRAINT; Schema: public; Owner: wagtail
--

ALTER TABLE ONLY public.wagtailcore_site
    ADD CONSTRAINT wagtailcore_site_root_page_id_e02fb95c_fk_wagtailcore_page_id FOREIGN KEY (root_page_id) REFERENCES public.wagtailcore_page(id) DEFERRABLE INITIALLY DEFERRED;


--
-- Name: wagtailcore_task wagtailcore_task_content_type_id_249ab8ba_fk_django_co; Type: FK CONSTRAINT; Schema: public; Owner: wagtail
--

ALTER TABLE ONLY public.wagtailcore_task
    ADD CONSTRAINT wagtailcore_task_content_type_id_249ab8ba_fk_django_co FOREIGN KEY (content_type_id) REFERENCES public.django_content_type(id) DEFERRABLE INITIALLY DEFERRED;


--
-- Name: wagtailcore_taskstate wagtailcore_taskstat_content_type_id_0a758fdc_fk_django_co; Type: FK CONSTRAINT; Schema: public; Owner: wagtail
--

ALTER TABLE ONLY public.wagtailcore_taskstate
    ADD CONSTRAINT wagtailcore_taskstat_content_type_id_0a758fdc_fk_django_co FOREIGN KEY (content_type_id) REFERENCES public.django_content_type(id) DEFERRABLE INITIALLY DEFERRED;


--
-- Name: wagtailcore_taskstate wagtailcore_taskstat_page_revision_id_9f52c88e_fk_wagtailco; Type: FK CONSTRAINT; Schema: public; Owner: wagtail
--

ALTER TABLE ONLY public.wagtailcore_taskstate
    ADD CONSTRAINT wagtailcore_taskstat_page_revision_id_9f52c88e_fk_wagtailco FOREIGN KEY (page_revision_id) REFERENCES public.wagtailcore_revision(id) DEFERRABLE INITIALLY DEFERRED;


--
-- Name: wagtailcore_taskstate wagtailcore_taskstat_workflow_state_id_9239a775_fk_wagtailco; Type: FK CONSTRAINT; Schema: public; Owner: wagtail
--

ALTER TABLE ONLY public.wagtailcore_taskstate
    ADD CONSTRAINT wagtailcore_taskstat_workflow_state_id_9239a775_fk_wagtailco FOREIGN KEY (workflow_state_id) REFERENCES public.wagtailcore_workflowstate(id) DEFERRABLE INITIALLY DEFERRED;


--
-- Name: wagtailcore_taskstate wagtailcore_taskstate_finished_by_id_13f98229_fk_auth_user_id; Type: FK CONSTRAINT; Schema: public; Owner: wagtail
--

ALTER TABLE ONLY public.wagtailcore_taskstate
    ADD CONSTRAINT wagtailcore_taskstate_finished_by_id_13f98229_fk_auth_user_id FOREIGN KEY (finished_by_id) REFERENCES public.auth_user(id) DEFERRABLE INITIALLY DEFERRED;


--
-- Name: wagtailcore_taskstate wagtailcore_taskstate_task_id_c3677c34_fk_wagtailcore_task_id; Type: FK CONSTRAINT; Schema: public; Owner: wagtail
--

ALTER TABLE ONLY public.wagtailcore_taskstate
    ADD CONSTRAINT wagtailcore_taskstate_task_id_c3677c34_fk_wagtailcore_task_id FOREIGN KEY (task_id) REFERENCES public.wagtailcore_task(id) DEFERRABLE INITIALLY DEFERRED;


--
-- Name: wagtailcore_workflowstate wagtailcore_workflow_current_task_state_i_3a1a0632_fk_wagtailco; Type: FK CONSTRAINT; Schema: public; Owner: wagtail
--

ALTER TABLE ONLY public.wagtailcore_workflowstate
    ADD CONSTRAINT wagtailcore_workflow_current_task_state_i_3a1a0632_fk_wagtailco FOREIGN KEY (current_task_state_id) REFERENCES public.wagtailcore_taskstate(id) DEFERRABLE INITIALLY DEFERRED;


--
-- Name: wagtailcore_workflowstate wagtailcore_workflow_page_id_6c962862_fk_wagtailco; Type: FK CONSTRAINT; Schema: public; Owner: wagtail
--

ALTER TABLE ONLY public.wagtailcore_workflowstate
    ADD CONSTRAINT wagtailcore_workflow_page_id_6c962862_fk_wagtailco FOREIGN KEY (page_id) REFERENCES public.wagtailcore_page(id) DEFERRABLE INITIALLY DEFERRED;


--
-- Name: wagtailcore_workflowpage wagtailcore_workflow_page_id_81e7bab6_fk_wagtailco; Type: FK CONSTRAINT; Schema: public; Owner: wagtail
--

ALTER TABLE ONLY public.wagtailcore_workflowpage
    ADD CONSTRAINT wagtailcore_workflow_page_id_81e7bab6_fk_wagtailco FOREIGN KEY (page_id) REFERENCES public.wagtailcore_page(id) DEFERRABLE INITIALLY DEFERRED;


--
-- Name: wagtailcore_workflowstate wagtailcore_workflow_requested_by_id_4090bca3_fk_auth_user; Type: FK CONSTRAINT; Schema: public; Owner: wagtail
--

ALTER TABLE ONLY public.wagtailcore_workflowstate
    ADD CONSTRAINT wagtailcore_workflow_requested_by_id_4090bca3_fk_auth_user FOREIGN KEY (requested_by_id) REFERENCES public.auth_user(id) DEFERRABLE INITIALLY DEFERRED;


--
-- Name: wagtailcore_workflowtask wagtailcore_workflow_task_id_ce7716fe_fk_wagtailco; Type: FK CONSTRAINT; Schema: public; Owner: wagtail
--

ALTER TABLE ONLY public.wagtailcore_workflowtask
    ADD CONSTRAINT wagtailcore_workflow_task_id_ce7716fe_fk_wagtailco FOREIGN KEY (task_id) REFERENCES public.wagtailcore_task(id) DEFERRABLE INITIALLY DEFERRED;


--
-- Name: wagtailcore_workflowstate wagtailcore_workflow_workflow_id_1f18378f_fk_wagtailco; Type: FK CONSTRAINT; Schema: public; Owner: wagtail
--

ALTER TABLE ONLY public.wagtailcore_workflowstate
    ADD CONSTRAINT wagtailcore_workflow_workflow_id_1f18378f_fk_wagtailco FOREIGN KEY (workflow_id) REFERENCES public.wagtailcore_workflow(id) DEFERRABLE INITIALLY DEFERRED;


--
-- Name: wagtailcore_workflowpage wagtailcore_workflow_workflow_id_56f56ff6_fk_wagtailco; Type: FK CONSTRAINT; Schema: public; Owner: wagtail
--

ALTER TABLE ONLY public.wagtailcore_workflowpage
    ADD CONSTRAINT wagtailcore_workflow_workflow_id_56f56ff6_fk_wagtailco FOREIGN KEY (workflow_id) REFERENCES public.wagtailcore_workflow(id) DEFERRABLE INITIALLY DEFERRED;


--
-- Name: wagtailcore_workflowtask wagtailcore_workflow_workflow_id_b9717175_fk_wagtailco; Type: FK CONSTRAINT; Schema: public; Owner: wagtail
--

ALTER TABLE ONLY public.wagtailcore_workflowtask
    ADD CONSTRAINT wagtailcore_workflow_workflow_id_b9717175_fk_wagtailco FOREIGN KEY (workflow_id) REFERENCES public.wagtailcore_workflow(id) DEFERRABLE INITIALLY DEFERRED;


--
-- Name: wagtaildocs_document wagtaildocs_document_collection_id_23881625_fk_wagtailco; Type: FK CONSTRAINT; Schema: public; Owner: wagtail
--

ALTER TABLE ONLY public.wagtaildocs_document
    ADD CONSTRAINT wagtaildocs_document_collection_id_23881625_fk_wagtailco FOREIGN KEY (collection_id) REFERENCES public.wagtailcore_collection(id) DEFERRABLE INITIALLY DEFERRED;


--
-- Name: wagtaildocs_document wagtaildocs_document_uploaded_by_user_id_17258b41_fk_auth_user; Type: FK CONSTRAINT; Schema: public; Owner: wagtail
--

ALTER TABLE ONLY public.wagtaildocs_document
    ADD CONSTRAINT wagtaildocs_document_uploaded_by_user_id_17258b41_fk_auth_user FOREIGN KEY (uploaded_by_user_id) REFERENCES public.auth_user(id) DEFERRABLE INITIALLY DEFERRED;


--
-- Name: wagtaildocs_uploadeddocument wagtaildocs_uploaded_uploaded_by_user_id_8dd61a73_fk_auth_user; Type: FK CONSTRAINT; Schema: public; Owner: wagtail
--

ALTER TABLE ONLY public.wagtaildocs_uploadeddocument
    ADD CONSTRAINT wagtaildocs_uploaded_uploaded_by_user_id_8dd61a73_fk_auth_user FOREIGN KEY (uploaded_by_user_id) REFERENCES public.auth_user(id) DEFERRABLE INITIALLY DEFERRED;


--
-- Name: wagtailforms_formsubmission wagtailforms_formsub_page_id_e48e93e7_fk_wagtailco; Type: FK CONSTRAINT; Schema: public; Owner: wagtail
--

ALTER TABLE ONLY public.wagtailforms_formsubmission
    ADD CONSTRAINT wagtailforms_formsub_page_id_e48e93e7_fk_wagtailco FOREIGN KEY (page_id) REFERENCES public.wagtailcore_page(id) DEFERRABLE INITIALLY DEFERRED;


--
-- Name: wagtailimages_image wagtailimages_image_collection_id_c2f8af7e_fk_wagtailco; Type: FK CONSTRAINT; Schema: public; Owner: wagtail
--

ALTER TABLE ONLY public.wagtailimages_image
    ADD CONSTRAINT wagtailimages_image_collection_id_c2f8af7e_fk_wagtailco FOREIGN KEY (collection_id) REFERENCES public.wagtailcore_collection(id) DEFERRABLE INITIALLY DEFERRED;


--
-- Name: wagtailimages_image wagtailimages_image_uploaded_by_user_id_5d73dc75_fk_auth_user; Type: FK CONSTRAINT; Schema: public; Owner: wagtail
--

ALTER TABLE ONLY public.wagtailimages_image
    ADD CONSTRAINT wagtailimages_image_uploaded_by_user_id_5d73dc75_fk_auth_user FOREIGN KEY (uploaded_by_user_id) REFERENCES public.auth_user(id) DEFERRABLE INITIALLY DEFERRED;


--
-- Name: wagtailimages_rendition wagtailimages_rendit_image_id_3e1fd774_fk_wagtailim; Type: FK CONSTRAINT; Schema: public; Owner: wagtail
--

ALTER TABLE ONLY public.wagtailimages_rendition
    ADD CONSTRAINT wagtailimages_rendit_image_id_3e1fd774_fk_wagtailim FOREIGN KEY (image_id) REFERENCES public.wagtailimages_image(id) DEFERRABLE INITIALLY DEFERRED;


--
-- Name: wagtailimages_uploadedimage wagtailimages_upload_uploaded_by_user_id_85921689_fk_auth_user; Type: FK CONSTRAINT; Schema: public; Owner: wagtail
--

ALTER TABLE ONLY public.wagtailimages_uploadedimage
    ADD CONSTRAINT wagtailimages_upload_uploaded_by_user_id_85921689_fk_auth_user FOREIGN KEY (uploaded_by_user_id) REFERENCES public.auth_user(id) DEFERRABLE INITIALLY DEFERRED;


--
-- Name: wagtailredirects_redirect wagtailredirects_red_redirect_page_id_b5728a8f_fk_wagtailco; Type: FK CONSTRAINT; Schema: public; Owner: wagtail
--

ALTER TABLE ONLY public.wagtailredirects_redirect
    ADD CONSTRAINT wagtailredirects_red_redirect_page_id_b5728a8f_fk_wagtailco FOREIGN KEY (redirect_page_id) REFERENCES public.wagtailcore_page(id) DEFERRABLE INITIALLY DEFERRED;


--
-- Name: wagtailredirects_redirect wagtailredirects_red_site_id_780a0e1e_fk_wagtailco; Type: FK CONSTRAINT; Schema: public; Owner: wagtail
--

ALTER TABLE ONLY public.wagtailredirects_redirect
    ADD CONSTRAINT wagtailredirects_red_site_id_780a0e1e_fk_wagtailco FOREIGN KEY (site_id) REFERENCES public.wagtailcore_site(id) DEFERRABLE INITIALLY DEFERRED;


--
-- Name: wagtailsearch_editorspick wagtailsearch_editor_page_id_28cbc274_fk_wagtailco; Type: FK CONSTRAINT; Schema: public; Owner: wagtail
--

ALTER TABLE ONLY public.wagtailsearch_editorspick
    ADD CONSTRAINT wagtailsearch_editor_page_id_28cbc274_fk_wagtailco FOREIGN KEY (page_id) REFERENCES public.wagtailcore_page(id) DEFERRABLE INITIALLY DEFERRED;


--
-- Name: wagtailsearch_editorspick wagtailsearch_editor_query_id_c6eee4a0_fk_wagtailse; Type: FK CONSTRAINT; Schema: public; Owner: wagtail
--

ALTER TABLE ONLY public.wagtailsearch_editorspick
    ADD CONSTRAINT wagtailsearch_editor_query_id_c6eee4a0_fk_wagtailse FOREIGN KEY (query_id) REFERENCES public.wagtailsearch_query(id) DEFERRABLE INITIALLY DEFERRED;


--
-- Name: wagtailsearch_indexentry wagtailsearch_indexe_content_type_id_62ed694f_fk_django_co; Type: FK CONSTRAINT; Schema: public; Owner: wagtail
--

ALTER TABLE ONLY public.wagtailsearch_indexentry
    ADD CONSTRAINT wagtailsearch_indexe_content_type_id_62ed694f_fk_django_co FOREIGN KEY (content_type_id) REFERENCES public.django_content_type(id) DEFERRABLE INITIALLY DEFERRED;


--
-- Name: wagtailsearch_querydailyhits wagtailsearch_queryd_query_id_2185994b_fk_wagtailse; Type: FK CONSTRAINT; Schema: public; Owner: wagtail
--

ALTER TABLE ONLY public.wagtailsearch_querydailyhits
    ADD CONSTRAINT wagtailsearch_queryd_query_id_2185994b_fk_wagtailse FOREIGN KEY (query_id) REFERENCES public.wagtailsearch_query(id) DEFERRABLE INITIALLY DEFERRED;


--
-- Name: wagtailusers_userprofile wagtailusers_userprofile_user_id_59c92331_fk_auth_user_id; Type: FK CONSTRAINT; Schema: public; Owner: wagtail
--

ALTER TABLE ONLY public.wagtailusers_userprofile
    ADD CONSTRAINT wagtailusers_userprofile_user_id_59c92331_fk_auth_user_id FOREIGN KEY (user_id) REFERENCES public.auth_user(id) DEFERRABLE INITIALLY DEFERRED;


--
-- PostgreSQL database dump complete
--

